  0
SECTION
  2
HEADER
  9
$ACADVER
  1
AC1032
  9
$ACADMAINTVER
 90
4
  9
$DWGCODEPAGE
  3
ANSI_1252
  9
$LASTSAVEDBY
  1
ezdxf
  9
$REQUIREDVERSIONS
160
0
  9
$INSBASE
 10
0.0
 20
0.0
 30
0.0
  9
$EXTMIN
 10
1e+20
 20
1e+20
 30
1e+20
  9
$EXTMAX
 10
-1e+20
 20
-1e+20
 30
-1e+20
  9
$LIMMIN
 10
0.0
 20
0.0
  9
$LIMMAX
 10
420.0
 20
297.0
  9
$ORTHOMODE
 70
0
  9
$REGENMODE
 70
1
  9
$FILLMODE
 70
1
  9
$QTEXTMODE
 70
0
  9
$MIRRTEXT
 70
1
  9
$LTSCALE
 40
1.0
  9
$ATTMODE
 70
1
  9
$TEXTSIZE
 40
2.5
  9
$TRACEWID
 40
1.0
  9
$TEXTSTYLE
  7
OpenSans
  9
$CLAYER
  8
0
  9
$CELTYPE
  6
ByLayer
  9
$CECOLOR
 62
256
  9
$CELTSCALE
 40
1.0
  9
$DISPSILH
 70
0
  9
$DIMSCALE
 40
1.0
  9
$DIMASZ
 40
0.175
  9
$DIMEXO
 40
0.125
  9
$DIMDLI
 40
3.75
  9
$DIMRND
 40
0.0
  9
$DIMDLE
 40
0.0
  9
$DIMEXE
 40
0.375
  9
$DIMTP
 40
0.0
  9
$DIMTM
 40
0.0
  9
$DIMTXT
 40
0.25
  9
$DIMCEN
 40
2.5
  9
$DIMTSZ
 40
0.0
  9
$DIMTOL
 70
0
  9
$DIMLIM
 70
0
  9
$DIMTIH
 70
0
  9
$DIMTOH
 70
0
  9
$DIMSE1
 70
0
  9
$DIMSE2
 70
0
  9
$DIMTAD
 70
1
  9
$DIMZIN
 70
12
  9
$DIMBLK
  1
ARCHTICK
  9
$DIMASO
 70
1
  9
$DIMSHO
 70
1
  9
$DIMPOST
  1

  9
$DIMAPOST
  1

  9
$DIMALT
 70
0
  9
$DIMALTD
 70
3
  9
$DIMALTF
 40
0.03937007874
  9
$DIMLFAC
 40
100.0
  9
$DIMTOFL
 70
1
  9
$DIMTVP
 40
0.0
  9
$DIMTIX
 70
0
  9
$DIMSOXD
 70
0
  9
$DIMSAH
 70
0
  9
$DIMBLK1
  1

  9
$DIMBLK2
  1

  9
$DIMSTYLE
  2
EZDXF
  9
$DIMCLRD
 70
0
  9
$DIMCLRE
 70
0
  9
$DIMCLRT
 70
0
  9
$DIMTFAC
 40
0.5
  9
$DIMGAP
 40
0.1
  9
$DIMJUST
 70
0
  9
$DIMSD1
 70
0
  9
$DIMSD2
 70
0
  9
$DIMTOLJ
 70
0
  9
$DIMTZIN
 70
8
  9
$DIMALTZ
 70
0
  9
$DIMALTTZ
 70
0
  9
$DIMUPT
 70
1
  9
$DIMDEC
 70
2
  9
$DIMTDEC
 70
2
  9
$DIMALTU
 70
2
  9
$DIMALTTD
 70
3
  9
$DIMTXSTY
  7
OpenSansCondensed-Light
  9
$DIMAUNIT
 70
0
  9
$DIMADEC
 70
2
  9
$DIMALTRND
 40
0.0
  9
$DIMAZIN
 70
3
  9
$DIMDSEP
 70
46
  9
$DIMATFIT
 70
3
  9
$DIMFRAC
 70
0
  9
$DIMLDRBLK
  1

  9
$DIMLUNIT
 70
2
  9
$DIMLWD
 70
-2
  9
$DIMLWE
 70
-2
  9
$DIMTMOVE
 70
2
  9
$DIMFXL
 40
1.0
  9
$DIMFXLON
 70
0
  9
$DIMJOGANG
 40
0.785398163397
  9
$DIMTFILL
 70
0
  9
$DIMTFILLCLR
 70
0
  9
$DIMARCSYM
 70
0
  9
$DIMLTYPE
  6

  9
$DIMLTEX1
  6

  9
$DIMLTEX2
  6

  9
$DIMTXTDIRECTION
 70
0
  9
$LUNITS
 70
2
  9
$LUPREC
 70
0
  9
$SKETCHINC
 40
1.0
  9
$FILLETRAD
 40
10.0
  9
$AUNITS
 70
0
  9
$AUPREC
 70
2
  9
$MENU
  1
.
  9
$ELEVATION
 40
0.0
  9
$PELEVATION
 40
0.0
  9
$THICKNESS
 40
0.0
  9
$LIMCHECK
 70
0
  9
$CHAMFERA
 40
0.0
  9
$CHAMFERB
 40
0.0
  9
$CHAMFERC
 40
0.0
  9
$CHAMFERD
 40
0.0
  9
$SKPOLY
 70
0
  9
$TDCREATE
 40
2461321.881122685
  9
$TDUCREATE
 40
2458532.153996898
  9
$TDUPDATE
 40
2461321.8811574075
  9
$TDUUPDATE
 40
2458532.1544311
  9
$TDINDWG
 40
0.0
  9
$TDUSRTIMER
 40
0.0
  9
$USRTIMER
 70
1
  9
$ANGBASE
 50
0.0
  9
$ANGDIR
 70
0
  9
$PDMODE
 70
0
  9
$PDSIZE
 40
0.0
  9
$PLINEWID
 40
0.0
  9
$SPLFRAME
 70
0
  9
$SPLINETYPE
 70
6
  9
$SPLINESEGS
 70
8
  9
$HANDSEED
  5
503
  9
$SURFTAB1
 70
6
  9
$SURFTAB2
 70
6
  9
$SURFTYPE
 70
6
  9
$SURFU
 70
6
  9
$SURFV
 70
6
  9
$UCSBASE
  2

  9
$UCSNAME
  2

  9
$UCSORG
 10
0.0
 20
0.0
 30
0.0
  9
$UCSXDIR
 10
1.0
 20
0.0
 30
0.0
  9
$UCSYDIR
 10
0.0
 20
1.0
 30
0.0
  9
$UCSORTHOREF
  2

  9
$UCSORTHOVIEW
 70
0
  9
$UCSORGTOP
 10
0.0
 20
0.0
 30
0.0
  9
$UCSORGBOTTOM
 10
0.0
 20
0.0
 30
0.0
  9
$UCSORGLEFT
 10
0.0
 20
0.0
 30
0.0
  9
$UCSORGRIGHT
 10
0.0
 20
0.0
 30
0.0
  9
$UCSORGFRONT
 10
0.0
 20
0.0
 30
0.0
  9
$UCSORGBACK
 10
0.0
 20
0.0
 30
0.0
  9
$PUCSBASE
  2

  9
$PUCSNAME
  2

  9
$PUCSORG
 10
0.0
 20
0.0
 30
0.0
  9
$PUCSXDIR
 10
1.0
 20
0.0
 30
0.0
  9
$PUCSYDIR
 10
0.0
 20
1.0
 30
0.0
  9
$PUCSORTHOREF
  2

  9
$PUCSORTHOVIEW
 70
0
  9
$PUCSORGTOP
 10
0.0
 20
0.0
 30
0.0
  9
$PUCSORGBOTTOM
 10
0.0
 20
0.0
 30
0.0
  9
$PUCSORGLEFT
 10
0.0
 20
0.0
 30
0.0
  9
$PUCSORGRIGHT
 10
0.0
 20
0.0
 30
0.0
  9
$PUCSORGFRONT
 10
0.0
 20
0.0
 30
0.0
  9
$PUCSORGBACK
 10
0.0
 20
0.0
 30
0.0
  9
$USERI1
 70
0
  9
$USERI2
 70
0
  9
$USERI3
 70
0
  9
$USERI4
 70
0
  9
$USERI5
 70
0
  9
$USERR1
 40
0.0
  9
$USERR2
 40
0.0
  9
$USERR3
 40
0.0
  9
$USERR4
 40
0.0
  9
$USERR5
 40
0.0
  9
$WORLDVIEW
 70
1
  9
$SHADEDGE
 70
3
  9
$SHADEDIF
 70
70
  9
$TILEMODE
 70
0
  9
$MAXACTVP
 70
64
  9
$PINSBASE
 10
0.0
 20
0.0
 30
0.0
  9
$PLIMCHECK
 70
0
  9
$PEXTMIN
 10
1e+20
 20
1e+20
 30
1e+20
  9
$PEXTMAX
 10
-1e+20
 20
-1e+20
 30
-1e+20
  9
$PLIMMIN
 10
-0.0
 20
-0.0
  9
$PLIMMAX
 10
420.0
 20
297.0
  9
$UNITMODE
 70
0
  9
$VISRETAIN
 70
1
  9
$PLINEGEN
 70
0
  9
$PSLTSCALE
 70
0
  9
$TREEDEPTH
 70
3020
  9
$CMLSTYLE
  2
Standard
  9
$CMLJUST
 70
0
  9
$CMLSCALE
 40
20.0
  9
$PROXYGRAPHICS
 70
1
  9
$MEASUREMENT
 70
1
  9
$CELWEIGHT
370
-1
  9
$ENDCAPS
280
0
  9
$JOINSTYLE
280
0
  9
$LWDISPLAY
290
1
  9
$INSUNITS
 70
4
  9
$HYPERLINKBASE
  1

  9
$STYLESHEET
  1

  9
$XEDIT
290
1
  9
$CEPSNTYPE
380
0
  9
$PSTYLEMODE
290
1
  9
$FINGERPRINTGUID
  2
{A5E613F3-7310-44EA-8C62-0DBD2275D847}
  9
$VERSIONGUID
  2
{E96A1BD2-3031-48D7-B309-DDCD703ED15E}
  9
$EXTNAMES
290
1
  9
$PSVPSCALE
 40
0.0
  9
$OLESTARTUP
290
0
  9
$SORTENTS
280
127
  9
$INDEXCTL
280
0
  9
$HIDETEXT
280
1
  9
$XCLIPFRAME
280
1
  9
$HALOGAP
280
0
  9
$OBSCOLOR
 70
257
  9
$OBSLTYPE
280
0
  9
$INTERSECTIONDISPLAY
280
0
  9
$INTERSECTIONCOLOR
 70
257
  9
$DIMASSOC
280
2
  9
$PROJECTNAME
  1

  9
$CAMERADISPLAY
290
0
  9
$LENSLENGTH
 40
50.0
  9
$CAMERAHEIGHT
 40
0.0
  9
$STEPSPERSEC
 40
24.0
  9
$STEPSIZE
 40
100.0
  9
$3DDWFPREC
 40
2.0
  9
$PSOLWIDTH
 40
0.005
  9
$PSOLHEIGHT
 40
0.08
  9
$LOFTANG1
 40
1.570796326795
  9
$LOFTANG2
 40
1.570796326795
  9
$LOFTMAG1
 40
0.0
  9
$LOFTMAG2
 40
0.0
  9
$LOFTPARAM
 70
7
  9
$LOFTNORMALS
280
1
  9
$LATITUDE
 40
37.795
  9
$LONGITUDE
 40
-122.394
  9
$NORTHDIRECTION
 40
0.0
  9
$TIMEZONE
 70
-8000
  9
$LIGHTGLYPHDISPLAY
280
1
  9
$TILEMODELIGHTSYNCH
280
1
  9
$CMATERIAL
347
20
  9
$SOLIDHIST
280
0
  9
$SHOWHIST
280
1
  9
$DWFFRAME
280
2
  9
$DGNFRAME
280
2
  9
$REALWORLDSCALE
290
1
  9
$INTERFERECOLOR
 62
256
  9
$CSHADOW
280
0
  9
$SHADOWPLANELOCATION
 40
0.0
  0
ENDSEC
  0
SECTION
  2
CLASSES
  0
CLASS
  1
ACDBDICTIONARYWDFLT
  2
AcDbDictionaryWithDefault
  3
ObjectDBX Classes
 90
0
 91
0
280
0
281
0
  0
CLASS
  1
SUN
  2
AcDbSun
  3
SCENEOE
 90
1153
 91
0
280
0
281
0
  0
CLASS
  1
VISUALSTYLE
  2
AcDbVisualStyle
  3
ObjectDBX Classes
 90
4095
 91
0
280
0
281
0
  0
CLASS
  1
MATERIAL
  2
AcDbMaterial
  3
ObjectDBX Classes
 90
1153
 91
0
280
0
281
0
  0
CLASS
  1
SCALE
  2
AcDbScale
  3
ObjectDBX Classes
 90
1153
 91
0
280
0
281
0
  0
CLASS
  1
TABLESTYLE
  2
AcDbTableStyle
  3
ObjectDBX Classes
 90
4095
 91
0
280
0
281
0
  0
CLASS
  1
MLEADERSTYLE
  2
AcDbMLeaderStyle
  3
ACDB_MLEADERSTYLE_CLASS
 90
4095
 91
0
280
0
281
0
  0
CLASS
  1
DICTIONARYVAR
  2
AcDbDictionaryVar
  3
ObjectDBX Classes
 90
0
 91
0
280
0
281
0
  0
CLASS
  1
CELLSTYLEMAP
  2
AcDbCellStyleMap
  3
ObjectDBX Classes
 90
1152
 91
0
280
0
281
0
  0
CLASS
  1
MENTALRAYRENDERSETTINGS
  2
AcDbMentalRayRenderSettings
  3
SCENEOE
 90
1024
 91
0
280
0
281
0
  0
CLASS
  1
ACDBDETAILVIEWSTYLE
  2
AcDbDetailViewStyle
  3
ObjectDBX Classes
 90
1025
 91
0
280
0
281
0
  0
CLASS
  1
ACDBSECTIONVIEWSTYLE
  2
AcDbSectionViewStyle
  3
ObjectDBX Classes
 90
1025
 91
0
280
0
281
0
  0
CLASS
  1
RASTERVARIABLES
  2
AcDbRasterVariables
  3
ISM
 90
0
 91
0
280
0
281
0
  0
CLASS
  1
ACDBPLACEHOLDER
  2
AcDbPlaceHolder
  3
ObjectDBX Classes
 90
0
 91
0
280
0
281
0
  0
CLASS
  1
LAYOUT
  2
AcDbLayout
  3
ObjectDBX Classes
 90
0
 91
0
280
0
281
0
  0
ENDSEC
  0
SECTION
  2
TABLES
  0
TABLE
  2
VPORT
  5
8
330
0
100
AcDbSymbolTable
 70
1
  0
VPORT
  5
23
330
8
100
AcDbSymbolTableRecord
100
AcDbViewportTableRecord
  2
*Active
 70
0
 10
0.0
 20
0.0
 11
1.0
 21
1.0
 12
0.0
 22
0.0
 13
0.0
 23
0.0
 14
0.5
 24
0.5
 15
0.5
 25
0.5
 16
0.0
 26
0.0
 36
1.0
 17
0.0
 27
0.0
 37
0.0
 40
1000.0
 41
1.34
 42
50.0
 43
0.0
 44
0.0
 50
0.0
 51
0.0
 71
0
 72
1000
 73
1
 74
3
 75
0
 76
0
 77
0
 78
0
281
0
 65
0
146
0.0
  0
ENDTAB
  0
TABLE
  2
LTYPE
  5
2
330
0
100
AcDbSymbolTable
 70
22
  0
LTYPE
  5
24
330
2
100
AcDbSymbolTableRecord
100
AcDbLinetypeTableRecord
  2
ByBlock
 70
0
  3

 72
65
 73
0
 40
0.0
  0
LTYPE
  5
25
330
2
100
AcDbSymbolTableRecord
100
AcDbLinetypeTableRecord
  2
ByLayer
 70
0
  3

 72
65
 73
0
 40
0.0
  0
LTYPE
  5
26
330
2
100
AcDbSymbolTableRecord
100
AcDbLinetypeTableRecord
  2
Continuous
 70
0
  3

 72
65
 73
0
 40
0.0
  0
LTYPE
  5
2F
330
2
100
AcDbSymbolTableRecord
100
AcDbLinetypeTableRecord
  2
CENTER
 70
0
  3
Center ____ _ ____ _ ____ _ ____ _ ____ _ ____
 72
65
 73
4
 40
5.08
 49
3.175
 74
0
 49
-0.635
 74
0
 49
0.635
 74
0
 49
-0.635
 74
0
  0
LTYPE
  5
30
330
2
100
AcDbSymbolTableRecord
100
AcDbLinetypeTableRecord
  2
CENTERX2
 70
0
  3
Center (2x) ________  __  ________  __  ________
 72
65
 73
4
 40
8.89
 49
6.35
 74
0
 49
-0.635
 74
0
 49
1.27
 74
0
 49
-0.635
 74
0
  0
LTYPE
  5
31
330
2
100
AcDbSymbolTableRecord
100
AcDbLinetypeTableRecord
  2
CENTER2
 70
0
  3
Center (.5x) ____ _ ____ _ ____ _ ____ _ ____
 72
65
 73
4
 40
2.54
 49
1.587
 74
0
 49
-0.318
 74
0
 49
0.318
 74
0
 49
-0.318
 74
0
  0
LTYPE
  5
32
330
2
100
AcDbSymbolTableRecord
100
AcDbLinetypeTableRecord
  2
DASHED
 70
0
  3
Dashed __ __ __ __ __ __ __ __ __ __ __ __ __ _
 72
65
 73
2
 40
1.524
 49
1.27
 74
0
 49
-0.254
 74
0
  0
LTYPE
  5
33
330
2
100
AcDbSymbolTableRecord
100
AcDbLinetypeTableRecord
  2
DASHEDX2
 70
0
  3
Dashed (2x) ____  ____  ____  ____  ____  ____
 72
65
 73
2
 40
3.048
 49
2.54
 74
0
 49
-0.508
 74
0
  0
LTYPE
  5
34
330
2
100
AcDbSymbolTableRecord
100
AcDbLinetypeTableRecord
  2
DASHED2
 70
0
  3
Dashed (.5x) _ _ _ _ _ _ _ _ _ _ _ _ _ _
 72
65
 73
2
 40
0.762
 49
0.635
 74
0
 49
-0.127
 74
0
  0
LTYPE
  5
35
330
2
100
AcDbSymbolTableRecord
100
AcDbLinetypeTableRecord
  2
PHANTOM
 70
0
  3
Phantom ______  __  __  ______  __  __  ______
 72
65
 73
6
 40
6.35
 49
3.175
 74
0
 49
-0.635
 74
0
 49
0.635
 74
0
 49
-0.635
 74
0
 49
0.635
 74
0
 49
-0.635
 74
0
  0
LTYPE
  5
36
330
2
100
AcDbSymbolTableRecord
100
AcDbLinetypeTableRecord
  2
PHANTOMX2
 70
0
  3
Phantom (2x)____________    ____    ____    ____________
 72
65
 73
6
 40
10.795
 49
6.35
 74
0
 49
-0.635
 74
0
 49
1.27
 74
0
 49
-0.635
 74
0
 49
1.27
 74
0
 49
-0.635
 74
0
  0
LTYPE
  5
37
330
2
100
AcDbSymbolTableRecord
100
AcDbLinetypeTableRecord
  2
PHANTOM2
 70
0
  3
Phantom (.5x) ___ _ _ ___ _ _ ___ _ _ ___ _ _ ___
 72
65
 73
6
 40
3.175
 49
1.587
 74
0
 49
-0.318
 74
0
 49
0.318
 74
0
 49
-0.318
 74
0
 49
0.318
 74
0
 49
-0.318
 74
0
  0
LTYPE
  5
38
330
2
100
AcDbSymbolTableRecord
100
AcDbLinetypeTableRecord
  2
DASHDOT
 70
0
  3
Dash dot __ . __ . __ . __ . __ . __ . __ . __
 72
65
 73
4
 40
3.556
 49
2.54
 74
0
 49
-0.508
 74
0
 49
0.0
 74
0
 49
-0.508
 74
0
  0
LTYPE
  5
39
330
2
100
AcDbSymbolTableRecord
100
AcDbLinetypeTableRecord
  2
DASHDOTX2
 70
0
  3
Dash dot (2x) ____  .  ____  .  ____  .  ____
 72
65
 73
4
 40
6.096
 49
5.08
 74
0
 49
-0.508
 74
0
 49
0.0
 74
0
 49
-0.508
 74
0
  0
LTYPE
  5
3A
330
2
100
AcDbSymbolTableRecord
100
AcDbLinetypeTableRecord
  2
DASHDOT2
 70
0
  3
Dash dot (.5x) _ . _ . _ . _ . _ . _ . _ . _
 72
65
 73
4
 40
1.778
 49
1.27
 74
0
 49
-0.254
 74
0
 49
0.0
 74
0
 49
-0.254
 74
0
  0
LTYPE
  5
3B
330
2
100
AcDbSymbolTableRecord
100
AcDbLinetypeTableRecord
  2
DOT
 70
0
  3
Dot .  .  .  .  .  .  .  .  .  .  .  .  .  .  .  .
 72
65
 73
2
 40
0.508
 49
0.0
 74
0
 49
-0.508
 74
0
  0
LTYPE
  5
3C
330
2
100
AcDbSymbolTableRecord
100
AcDbLinetypeTableRecord
  2
DOTX2
 70
0
  3
Dot (2x) .    .    .    .    .    .    .    . 
 72
65
 73
2
 40
1.016
 49
0.0
 74
0
 49
-1.016
 74
0
  0
LTYPE
  5
3D
330
2
100
AcDbSymbolTableRecord
100
AcDbLinetypeTableRecord
  2
DOT2
 70
0
  3
Dot (.5) . . . . . . . . . . . . . . . . . . . 
 72
65
 73
2
 40
0.254
 49
0.0
 74
0
 49
-0.254
 74
0
  0
LTYPE
  5
3E
330
2
100
AcDbSymbolTableRecord
100
AcDbLinetypeTableRecord
  2
DIVIDE
 70
0
  3
Divide __ . . __ . . __ . . __ . . __ . . __
 72
65
 73
6
 40
4.064
 49
2.54
 74
0
 49
-0.508
 74
0
 49
0.0
 74
0
 49
-0.508
 74
0
 49
0.0
 74
0
 49
-0.508
 74
0
  0
LTYPE
  5
3F
330
2
100
AcDbSymbolTableRecord
100
AcDbLinetypeTableRecord
  2
DIVIDEX2
 70
0
  3
Divide (2x) ____  . .  ____  . .  ____  . .  ____
 72
65
 73
6
 40
6.604
 49
5.08
 74
0
 49
-0.508
 74
0
 49
0.0
 74
0
 49
-0.508
 74
0
 49
0.0
 74
0
 49
-0.508
 74
0
  0
LTYPE
  5
40
330
2
100
AcDbSymbolTableRecord
100
AcDbLinetypeTableRecord
  2
DIVIDE2
 70
0
  3
Divide(.5x) _ . _ . _ . _ . _ . _ . _ . _
 72
65
 73
6
 40
2.032
 49
1.27
 74
0
 49
-0.254
 74
0
 49
0.0
 74
0
 49
-0.254
 74
0
 49
0.0
 74
0
 49
-0.254
 74
0
  0
LTYPE
  5
98
330
2
100
AcDbSymbolTableRecord
100
AcDbLinetypeTableRecord
  2
STRUCTURE_AXIS
 70
0
  3
3/1/0.5/1 mm at 1:50
 72
65
 73
4
 40
275.0
 49
150.0
 74
0
 49
-50.0
 74
0
 49
25.0
 74
0
 49
-50.0
 74
0
  0
ENDTAB
  0
TABLE
  2
LAYER
  5
1
330
0
100
AcDbSymbolTable
 70
12
  0
LAYER
  5
27
330
1
100
AcDbSymbolTableRecord
100
AcDbLayerTableRecord
  2
0
 70
0
 62
7
  6
Continuous
370
-3
390
13
347
21
  0
LAYER
  5
28
330
1
100
AcDbSymbolTableRecord
100
AcDbLayerTableRecord
  2
Defpoints
 70
0
 62
7
  6
Continuous
290
0
370
-3
390
13
347
21
  0
LAYER
  5
8B
330
1
100
AcDbSymbolTableRecord
100
AcDbLayerTableRecord
  2
D-STR-WALL
 70
0
 62
7
  6
Continuous
370
50
390
13
347
21
  0
LAYER
  5
8C
330
1
100
AcDbSymbolTableRecord
100
AcDbLayerTableRecord
  2
D-STR-DOOR
 70
0
 62
7
  6
Continuous
370
25
390
13
347
21
  0
LAYER
  5
8D
330
1
100
AcDbSymbolTableRecord
100
AcDbLayerTableRecord
  2
D-STR-WIND
 70
0
 62
7
  6
Continuous
370
25
390
13
347
21
  0
LAYER
  5
8E
330
1
100
AcDbSymbolTableRecord
100
AcDbLayerTableRecord
  2
D-STR-STAI
 70
0
 62
7
  6
Continuous
370
13
390
13
347
21
  0
LAYER
  5
8F
330
1
100
AcDbSymbolTableRecord
100
AcDbLayerTableRecord
  2
D-BYP-FIXT
 70
0
 62
7
  6
Continuous
370
13
390
13
347
21
  0
LAYER
  5
90
330
1
100
AcDbSymbolTableRecord
100
AcDbLayerTableRecord
  2
D-STR-TXT
 70
0
 62
7
  6
Continuous
370
13
390
13
347
21
  0
LAYER
  5
91
330
1
100
AcDbSymbolTableRecord
100
AcDbLayerTableRecord
  2
D-STR-DIM
 70
0
 62
7
  6
Continuous
370
13
390
13
347
21
  0
LAYER
  5
92
330
1
100
AcDbSymbolTableRecord
100
AcDbLayerTableRecord
  2
D-BMK-NORT
 70
0
 62
7
  6
Continuous
370
13
390
13
347
21
  0
LAYER
  5
99
330
1
100
AcDbSymbolTableRecord
100
AcDbLayerTableRecord
  2
D-TTL-FRAM
 70
0
 62
7
  6
Continuous
370
70
390
13
347
21
  0
LAYER
  5
9A
330
1
100
AcDbSymbolTableRecord
100
AcDbLayerTableRecord
  2
D-TTL-VPRT
 70
0
 62
7
  6
Continuous
290
0
370
-3
390
13
347
21
  0
ENDTAB
  0
TABLE
  2
STYLE
  5
5
330
0
100
AcDbSymbolTable
 70
27
  0
STYLE
  5
29
330
5
100
AcDbSymbolTableRecord
100
AcDbTextStyleTableRecord
  2
Standard
 70
0
 40
0.0
 41
1.0
 50
0.0
 71
0
 42
2.5
  3
txt
  4

  0
STYLE
  5
41
330
5
100
AcDbSymbolTableRecord
100
AcDbTextStyleTableRecord
  2
OpenSans-Light
 70
0
 40
0.0
 41
1.0
 50
0.0
 71
0
 42
2.5
  3
OpenSans-Light.ttf
  4

  0
STYLE
  5
42
330
5
100
AcDbSymbolTableRecord
100
AcDbTextStyleTableRecord
  2
OpenSans-Light-Italic
 70
0
 40
0.0
 41
1.0
 50
0.0
 71
0
 42
2.5
  3
OpenSans-LightItalic.ttf
  4

  0
STYLE
  5
43
330
5
100
AcDbSymbolTableRecord
100
AcDbTextStyleTableRecord
  2
OpenSans
 70
0
 40
0.0
 41
1.0
 50
0.0
 71
0
 42
2.5
  3
OpenSans-Regular.ttf
  4

  0
STYLE
  5
44
330
5
100
AcDbSymbolTableRecord
100
AcDbTextStyleTableRecord
  2
OpenSans-Italic
 70
0
 40
0.0
 41
1.0
 50
0.0
 71
0
 42
2.5
  3
OpenSans-Italic.ttf
  4

  0
STYLE
  5
45
330
5
100
AcDbSymbolTableRecord
100
AcDbTextStyleTableRecord
  2
OpenSans-SemiBold
 70
0
 40
0.0
 41
1.0
 50
0.0
 71
0
 42
2.5
  3
OpenSans-SemiBold.ttf
  4

  0
STYLE
  5
46
330
5
100
AcDbSymbolTableRecord
100
AcDbTextStyleTableRecord
  2
OpenSans-SemiBoldItalic
 70
0
 40
0.0
 41
1.0
 50
0.0
 71
0
 42
2.5
  3
OpenSans-SemiBoldItalic.ttf
  4

  0
STYLE
  5
47
330
5
100
AcDbSymbolTableRecord
100
AcDbTextStyleTableRecord
  2
OpenSans-Bold
 70
0
 40
0.0
 41
1.0
 50
0.0
 71
0
 42
2.5
  3
OpenSans-Bold.ttf
  4

  0
STYLE
  5
48
330
5
100
AcDbSymbolTableRecord
100
AcDbTextStyleTableRecord
  2
OpenSans-BoldItalic
 70
0
 40
0.0
 41
1.0
 50
0.0
 71
0
 42
2.5
  3
OpenSans-BoldItalic.ttf
  4

  0
STYLE
  5
49
330
5
100
AcDbSymbolTableRecord
100
AcDbTextStyleTableRecord
  2
OpenSans-ExtraBold
 70
0
 40
0.0
 41
1.0
 50
0.0
 71
0
 42
2.5
  3
OpenSans-ExtraBold.ttf
  4

  0
STYLE
  5
4A
330
5
100
AcDbSymbolTableRecord
100
AcDbTextStyleTableRecord
  2
OpenSans-ExtraBoldItalic
 70
0
 40
0.0
 41
1.0
 50
0.0
 71
0
 42
2.5
  3
OpenSans-ExtraBoldItalic.ttf
  4

  0
STYLE
  5
4B
330
5
100
AcDbSymbolTableRecord
100
AcDbTextStyleTableRecord
  2
OpenSansCondensed-Bold
 70
0
 40
0.0
 41
1.0
 50
0.0
 71
0
 42
2.5
  3
OpenSansCondensed-Bold.ttf
  4

  0
STYLE
  5
4C
330
5
100
AcDbSymbolTableRecord
100
AcDbTextStyleTableRecord
  2
OpenSansCondensed-Light
 70
0
 40
0.0
 41
1.0
 50
0.0
 71
0
 42
2.5
  3
OpenSansCondensed-Light.ttf
  4

  0
STYLE
  5
4D
330
5
100
AcDbSymbolTableRecord
100
AcDbTextStyleTableRecord
  2
OpenSansCondensed-Italic
 70
0
 40
0.0
 41
1.0
 50
0.0
 71
0
 42
2.5
  3
OpenSansCondensed-LightItalic.ttf
  4

  0
STYLE
  5
4E
330
5
100
AcDbSymbolTableRecord
100
AcDbTextStyleTableRecord
  2
LiberationSans
 70
0
 40
0.0
 41
1.0
 50
0.0
 71
0
 42
2.5
  3
LiberationSans-Regular.ttf
  4

  0
STYLE
  5
4F
330
5
100
AcDbSymbolTableRecord
100
AcDbTextStyleTableRecord
  2
LiberationSans-Bold
 70
0
 40
0.0
 41
1.0
 50
0.0
 71
0
 42
2.5
  3
LiberationSans-Bold.ttf
  4

  0
STYLE
  5
50
330
5
100
AcDbSymbolTableRecord
100
AcDbTextStyleTableRecord
  2
LiberationSans-BoldItalic
 70
0
 40
0.0
 41
1.0
 50
0.0
 71
0
 42
2.5
  3
LiberationSans-BoldItalic.ttf
  4

  0
STYLE
  5
51
330
5
100
AcDbSymbolTableRecord
100
AcDbTextStyleTableRecord
  2
LiberationSans-Italic
 70
0
 40
0.0
 41
1.0
 50
0.0
 71
0
 42
2.5
  3
LiberationSans-Italic.ttf
  4

  0
STYLE
  5
52
330
5
100
AcDbSymbolTableRecord
100
AcDbTextStyleTableRecord
  2
LiberationSerif
 70
0
 40
0.0
 41
1.0
 50
0.0
 71
0
 42
2.5
  3
LiberationSerif-Regular.ttf
  4

  0
STYLE
  5
53
330
5
100
AcDbSymbolTableRecord
100
AcDbTextStyleTableRecord
  2
LiberationSerif-Bold
 70
0
 40
0.0
 41
1.0
 50
0.0
 71
0
 42
2.5
  3
LiberationSerif-Bold.ttf
  4

  0
STYLE
  5
54
330
5
100
AcDbSymbolTableRecord
100
AcDbTextStyleTableRecord
  2
LiberationSerif-BoldItalic
 70
0
 40
0.0
 41
1.0
 50
0.0
 71
0
 42
2.5
  3
LiberationSerif-BoldItalic.ttf
  4

  0
STYLE
  5
55
330
5
100
AcDbSymbolTableRecord
100
AcDbTextStyleTableRecord
  2
LiberationSerif-Italic
 70
0
 40
0.0
 41
1.0
 50
0.0
 71
0
 42
2.5
  3
LiberationSerif-Italic.ttf
  4

  0
STYLE
  5
56
330
5
100
AcDbSymbolTableRecord
100
AcDbTextStyleTableRecord
  2
LiberationMono
 70
0
 40
0.0
 41
1.0
 50
0.0
 71
0
 42
2.5
  3
LiberationMono-Regular.ttf
  4

  0
STYLE
  5
57
330
5
100
AcDbSymbolTableRecord
100
AcDbTextStyleTableRecord
  2
LiberationMono-Bold
 70
0
 40
0.0
 41
1.0
 50
0.0
 71
0
 42
2.5
  3
LiberationMono-Bold.ttf
  4

  0
STYLE
  5
58
330
5
100
AcDbSymbolTableRecord
100
AcDbTextStyleTableRecord
  2
LiberationMono-BoldItalic
 70
0
 40
0.0
 41
1.0
 50
0.0
 71
0
 42
2.5
  3
LiberationMono-BoldItalic.ttf
  4

  0
STYLE
  5
59
330
5
100
AcDbSymbolTableRecord
100
AcDbTextStyleTableRecord
  2
LiberationMono-Italic
 70
0
 40
0.0
 41
1.0
 50
0.0
 71
0
 42
2.5
  3
LiberationMono-Italic.ttf
  4

  0
STYLE
  5
8A
330
5
100
AcDbSymbolTableRecord
100
AcDbTextStyleTableRecord
  2
HOUSE_UNICODE
 70
0
 40
0.0
 41
1.0
 50
0.0
 71
0
 42
2.5
  3
Arial Unicode.ttf
  4

  0
ENDTAB
  0
TABLE
  2
VIEW
  5
7
330
0
100
AcDbSymbolTable
 70
0
  0
ENDTAB
  0
TABLE
  2
UCS
  5
6
330
0
100
AcDbSymbolTable
 70
0
  0
ENDTAB
  0
TABLE
  2
APPID
  5
3
330
0
100
AcDbSymbolTable
 70
3
  0
APPID
  5
2A
330
3
100
AcDbSymbolTableRecord
100
AcDbRegAppTableRecord
  2
ACAD
 70
0
  0
APPID
  5
500
330
3
100
AcDbSymbolTableRecord
100
AcDbRegAppTableRecord
  2
HATCHBACKGROUNDCOLOR
 70
0
  0
APPID
  5
501
330
3
100
AcDbSymbolTableRecord
100
AcDbRegAppTableRecord
  2
EZDXF
 70
0
  0
ENDTAB
  0
TABLE
  2
DIMSTYLE
  5
4
330
0
100
AcDbSymbolTable
 70
12
100
AcDbDimStyleTable
  0
DIMSTYLE
105
2B
330
4
100
AcDbSymbolTableRecord
100
AcDbDimStyleTableRecord
  2
Standard
 70
0
 40
1.0
 41
2.5
 42
0.625
 43
3.75
 44
1.25
 45
0.0
 46
0.0
 47
0.0
 48
0.0
 49
2.5
140
2.5
141
2.5
142
0.0
143
0.03937007874
144
1.0
145
0.0
146
1.0
147
0.625
148
0.0
 69
0
 70
0
 71
0
 72
0
 73
0
 74
0
 75
0
 76
0
 77
1
 78
8
 79
3
170
0
171
3
172
1
173
0
174
0
175
0
176
0
177
0
178
0
179
2
271
2
272
2
273
2
274
3
275
0
276
0
277
2
278
44
279
0
280
0
281
0
282
0
283
0
284
8
285
0
286
0
288
0
289
3
290
0
371
-2
372
-2
  0
DIMSTYLE
105
73
330
4
100
AcDbSymbolTableRecord
100
AcDbDimStyleTableRecord
  2
EZDXF
 70
0
 40
1.0
 41
0.175
 42
0.125
 43
3.75
 44
0.375
 45
0.0
 46
0.0
 47
0.0
 48
0.0
 49
2.5
140
0.25
141
2.5
142
0.0
143
0.03937007874
144
100.0
145
0.0
146
0.5
147
0.1
148
0.0
 69
0
 70
0
 71
0
 72
0
 73
0
 74
0
 75
0
 76
0
 77
1
 78
12
 79
3
170
0
171
3
172
1
173
0
174
0
175
0
176
0
177
0
178
0
179
2
271
2
272
2
273
2
274
3
275
0
276
0
277
2
278
46
279
2
280
0
281
0
282
0
283
0
284
8
285
0
286
0
288
1
289
3
290
0
340
4C
342
74
371
-2
372
-2
  0
DIMSTYLE
105
7C
330
4
100
AcDbSymbolTableRecord
100
AcDbDimStyleTableRecord
  2
EZ_M_100_H25_CM
 70
0
 40
1.0
 41
0.25
 42
0.125
 43
3.75
 44
0.375
 45
0.0
 46
0.0
 47
0.0
 48
0.0
 49
2.5
140
0.25
141
2.5
142
0.125
143
0.03937007874
144
100.0
145
0.0
146
0.5
147
0.1
148
0.0
 69
0
 70
0
 71
0
 72
0
 73
0
 74
0
 75
0
 76
0
 77
1
 78
12
 79
3
170
0
171
3
172
1
173
0
174
0
175
0
176
0
177
0
178
0
179
2
271
2
272
2
273
2
274
3
275
0
276
0
277
2
278
46
279
2
280
0
281
0
282
0
283
0
284
8
285
0
286
0
288
1
289
3
290
0
340
4C
371
-2
372
-2
  0
DIMSTYLE
105
7D
330
4
100
AcDbSymbolTableRecord
100
AcDbDimStyleTableRecord
  2
EZ_M_50_H25_CM
 70
0
 40
1.0
 41
0.125
 42
0.0625
 43
3.75
 44
0.1875
 45
0.0
 46
0.0
 47
0.0
 48
0.0
 49
2.5
140
0.125
141
2.5
142
0.0625
143
0.03937007874
144
100.0
145
0.0
146
0.5
147
0.05
148
0.0
 69
0
 70
0
 71
0
 72
0
 73
0
 74
0
 75
0
 76
0
 77
1
 78
12
 79
3
170
0
171
3
172
1
173
0
174
0
175
0
176
0
177
0
178
0
179
2
271
2
272
2
273
2
274
3
275
0
276
0
277
2
278
46
279
2
280
0
281
0
282
0
283
0
284
8
285
0
286
0
288
1
289
3
290
0
340
4C
371
-2
372
-2
  0
DIMSTYLE
105
7E
330
4
100
AcDbSymbolTableRecord
100
AcDbDimStyleTableRecord
  2
EZ_M_25_H25_CM
 70
0
 40
1.0
 41
0.0625
 42
0.03125
 43
3.75
 44
0.09375
 45
0.0
 46
0.0
 47
0.0
 48
0.0
 49
2.5
140
0.0625
141
2.5
142
0.03125
143
0.03937007874
144
100.0
145
0.0
146
0.5
147
0.025
148
0.0
 69
0
 70
0
 71
0
 72
0
 73
0
 74
0
 75
0
 76
0
 77
1
 78
12
 79
3
170
0
171
3
172
1
173
0
174
0
175
0
176
0
177
0
178
0
179
2
271
2
272
2
273
2
274
3
275
0
276
0
277
2
278
46
279
2
280
0
281
0
282
0
283
0
284
8
285
0
286
0
288
1
289
3
290
0
340
4C
371
-2
372
-2
  0
DIMSTYLE
105
7F
330
4
100
AcDbSymbolTableRecord
100
AcDbDimStyleTableRecord
  2
EZ_M_20_H25_CM
 70
0
 40
1.0
 41
0.05
 42
0.025
 43
3.75
 44
0.07500000000000001
 45
0.0
 46
0.0
 47
0.0
 48
0.0
 49
2.5
140
0.05
141
2.5
142
0.025
143
0.03937007874
144
100.0
145
0.0
146
0.5
147
0.020000000000000004
148
0.0
 69
0
 70
0
 71
0
 72
0
 73
0
 74
0
 75
0
 76
0
 77
1
 78
12
 79
3
170
0
171
3
172
1
173
0
174
0
175
0
176
0
177
0
178
0
179
2
271
2
272
2
273
2
274
3
275
0
276
0
277
2
278
46
279
2
280
0
281
0
282
0
283
0
284
8
285
0
286
0
288
1
289
3
290
0
340
4C
371
-2
372
-2
  0
DIMSTYLE
105
80
330
4
100
AcDbSymbolTableRecord
100
AcDbDimStyleTableRecord
  2
EZ_M_10_H25_CM
 70
0
 40
1.0
 41
0.025
 42
0.0125
 43
3.75
 44
0.037500000000000006
 45
0.0
 46
0.0
 47
0.0
 48
0.0
 49
2.5
140
0.025
141
2.5
142
0.0125
143
0.03937007874
144
100.0
145
0.0
146
0.5
147
0.010000000000000002
148
0.0
 69
0
 70
0
 71
0
 72
0
 73
0
 74
0
 75
0
 76
0
 77
1
 78
12
 79
3
170
0
171
3
172
1
173
0
174
0
175
0
176
0
177
0
178
0
179
2
271
2
272
2
273
2
274
3
275
0
276
0
277
2
278
46
279
2
280
0
281
0
282
0
283
0
284
8
285
0
286
0
288
1
289
3
290
0
340
4C
371
-2
372
-2
  0
DIMSTYLE
105
81
330
4
100
AcDbSymbolTableRecord
100
AcDbDimStyleTableRecord
  2
EZ_M_5_H25_CM
 70
0
 40
1.0
 41
0.0125
 42
0.00625
 43
3.75
 44
0.018750000000000003
 45
0.0
 46
0.0
 47
0.0
 48
0.0
 49
2.5
140
0.0125
141
2.5
142
0.00625
143
0.03937007874
144
100.0
145
0.0
146
0.5
147
0.005000000000000001
148
0.0
 69
0
 70
0
 71
0
 72
0
 73
0
 74
0
 75
0
 76
0
 77
1
 78
12
 79
3
170
0
171
3
172
1
173
0
174
0
175
0
176
0
177
0
178
0
179
2
271
2
272
2
273
2
274
3
275
0
276
0
277
2
278
46
279
2
280
0
281
0
282
0
283
0
284
8
285
0
286
0
288
1
289
3
290
0
340
4C
371
-2
372
-2
  0
DIMSTYLE
105
82
330
4
100
AcDbSymbolTableRecord
100
AcDbDimStyleTableRecord
  2
EZ_M_1_H25_CM
 70
0
 40
1.0
 41
0.0025
 42
0.00125
 43
3.75
 44
0.00375
 45
0.0
 46
0.0
 47
0.0
 48
0.0
 49
2.5
140
0.0025
141
2.5
142
0.00125
143
0.03937007874
144
100.0
145
0.0
146
0.5
147
0.001
148
0.0
 69
0
 70
0
 71
0
 72
0
 73
0
 74
0
 75
0
 76
0
 77
1
 78
12
 79
3
170
0
171
3
172
1
173
0
174
0
175
0
176
0
177
0
178
0
179
2
271
2
272
2
273
2
274
3
275
0
276
0
277
2
278
46
279
2
280
0
281
0
282
0
283
0
284
8
285
0
286
0
288
1
289
3
290
0
340
4C
371
-2
372
-2
  0
DIMSTYLE
105
83
330
4
100
AcDbSymbolTableRecord
100
AcDbDimStyleTableRecord
  2
EZ_RADIUS
 70
0
 40
1.0
 41
0.25
 42
0.125
 43
3.75
 44
0.375
 45
0.0
 46
0.0
 47
0.0
 48
0.0
 49
2.5
140
0.25
141
0.0
142
0.0
143
0.03937007874
144
100.0
145
0.0
146
0.5
147
0.1
148
0.0
 69
0
 70
0
 71
0
 72
0
 73
0
 74
0
 75
0
 76
0
 77
1
 78
12
 79
3
170
0
171
3
172
0
173
0
174
0
175
0
176
0
177
0
178
0
179
2
271
2
272
2
273
2
274
3
275
0
276
0
277
2
278
46
279
1
280
0
281
0
282
0
283
0
284
8
285
0
286
0
288
1
289
3
290
0
340
4C
342
84
371
-2
372
-2
  0
DIMSTYLE
105
88
330
4
100
AcDbSymbolTableRecord
100
AcDbDimStyleTableRecord
  2
EZ_RADIUS_INSIDE
 70
0
 40
1.0
 41
0.25
 42
0.125
 43
3.75
 44
0.375
 45
0.0
 46
0.0
 47
0.0
 48
0.0
 49
2.5
140
0.25
141
0.0
142
0.0
143
0.03937007874
144
100.0
145
0.0
146
0.5
147
0.1
148
0.0
 69
0
 70
0
 71
0
 72
0
 73
0
 74
0
 75
0
 76
0
 77
0
 78
12
 79
3
170
0
171
3
172
0
173
0
174
1
175
0
176
0
177
0
178
0
179
2
271
2
272
2
273
2
274
3
275
0
276
0
277
2
278
46
279
0
280
0
281
0
282
0
283
0
284
8
285
0
286
0
288
1
289
0
290
0
340
4C
342
84
371
-2
372
-2
  0
DIMSTYLE
105
89
330
4
100
AcDbSymbolTableRecord
100
AcDbDimStyleTableRecord
  2
EZ_CURVED
 70
0
 40
1.0
 41
0.25
 42
0.125
 43
3.75
 44
0.375
 45
0.0
 46
0.0
 47
0.0
 48
0.0
 49
2.5
140
0.25
141
2.5
142
0.0
143
0.03937007874
144
100.0
145
0.0
146
0.5
147
0.1
148
0.0
 69
0
 70
0
 71
0
 72
0
 73
0
 74
0
 75
0
 76
0
 77
1
 78
12
 79
2
 90
2
170
0
171
3
172
1
173
0
174
0
175
0
176
0
177
0
178
0
179
2
271
2
272
2
273
2
274
3
275
0
276
0
277
2
278
46
279
2
280
0
281
0
282
0
283
0
284
8
285
0
286
0
288
1
289
3
290
0
340
4C
371
-2
372
-2
  0
ENDTAB
  0
TABLE
  2
BLOCK_RECORD
  5
9
330
0
100
AcDbSymbolTable
 70
15
  0
BLOCK_RECORD
  5
17
330
9
100
AcDbSymbolTableRecord
100
AcDbBlockTableRecord
  2
*Model_Space
340
1A
 70
0
280
1
281
0
  0
BLOCK_RECORD
  5
74
330
9
100
AcDbSymbolTableRecord
100
AcDbBlockTableRecord
  2
_ARCHTICK
340
0
 70
0
280
1
281
0
  0
BLOCK_RECORD
  5
78
330
9
100
AcDbSymbolTableRecord
100
AcDbBlockTableRecord
  2
_CLOSEDFILLED
340
0
 70
0
280
1
281
0
  0
BLOCK_RECORD
  5
84
330
9
100
AcDbSymbolTableRecord
100
AcDbBlockTableRecord
  2
_CLOSEDBLANK
340
0
 70
0
280
1
281
0
  0
BLOCK_RECORD
  5
208
330
9
100
AcDbSymbolTableRecord
100
AcDbBlockTableRecord
  2
*D1
340
0
 70
0
280
1
281
0
  0
BLOCK_RECORD
  5
217
330
9
100
AcDbSymbolTableRecord
100
AcDbBlockTableRecord
  2
*D2
340
0
 70
0
280
1
281
0
  0
BLOCK_RECORD
  5
39A
330
9
100
AcDbSymbolTableRecord
100
AcDbBlockTableRecord
  2
*D3
340
0
 70
0
280
1
281
0
  0
BLOCK_RECORD
  5
3A9
330
9
100
AcDbSymbolTableRecord
100
AcDbBlockTableRecord
  2
*D4
340
0
 70
0
280
1
281
0
  0
BLOCK_RECORD
  5
484
330
9
100
AcDbSymbolTableRecord
100
AcDbBlockTableRecord
  2
*D5
340
0
 70
0
280
1
281
0
  0
BLOCK_RECORD
  5
4AC
330
9
100
AcDbSymbolTableRecord
100
AcDbBlockTableRecord
  2
*D6
340
0
 70
0
280
1
281
0
  0
BLOCK_RECORD
  5
4BB
330
9
100
AcDbSymbolTableRecord
100
AcDbBlockTableRecord
  2
*D7
340
0
 70
0
280
1
281
0
  0
BLOCK_RECORD
  5
4CA
330
9
100
AcDbSymbolTableRecord
100
AcDbBlockTableRecord
  2
*D8
340
0
 70
0
280
1
281
0
  0
BLOCK_RECORD
  5
4F9
330
9
100
AcDbSymbolTableRecord
100
AcDbBlockTableRecord
  2
*Paper_Space1
340
4FC
 70
0
280
1
281
0
  0
BLOCK_RECORD
  5
3BE
330
9
100
AcDbSymbolTableRecord
100
AcDbBlockTableRecord
  2
*Paper_Space
340
3C1
 70
0
280
1
281
0
  0
BLOCK_RECORD
  5
1B
330
9
100
AcDbSymbolTableRecord
100
AcDbBlockTableRecord
  2
*Paper_Space0
340
1E
 70
0
280
1
281
0
  0
ENDTAB
  0
ENDSEC
  0
SECTION
  2
BLOCKS
  0
BLOCK
  5
18
330
17
100
AcDbEntity
  8
0
100
AcDbBlockBegin
  2
*Model_Space
 70
0
 10
0.0
 20
0.0
 30
0.0
  3
*Model_Space
  1

  0
ENDBLK
  5
19
330
17
100
AcDbEntity
  8
0
100
AcDbBlockEnd
  0
BLOCK
  5
75
330
74
100
AcDbEntity
  8
0
100
AcDbBlockBegin
  2
_ARCHTICK
 70
0
 10
0.0
 20
0.0
 30
0.0
  3
_ARCHTICK
  1

  0
LWPOLYLINE
  5
77
330
74
100
AcDbEntity
  8
0
  6
BYBLOCK
 62
0
100
AcDbPolyline
 90
2
 70
0
 43
0.15
 10
-0.5
 20
-0.5
 10
0.5
 20
0.5
  0
ENDBLK
  5
76
330
74
100
AcDbEntity
  8
0
100
AcDbBlockEnd
  0
BLOCK
  5
79
330
78
100
AcDbEntity
  8
0
100
AcDbBlockBegin
  2
_CLOSEDFILLED
 70
0
 10
0.0
 20
0.0
 30
0.0
  3
_CLOSEDFILLED
  1

  0
SOLID
  5
7B
330
78
100
AcDbEntity
  8
0
  6
BYBLOCK
 62
0
100
AcDbTrace
 10
-1.0
 20
0.16439898372402537
 30
0.0
 11
0.0
 21
0.0
 31
0.0
 12
-1.0
 22
-0.16439898372402537
 32
0.0
 13
-1.0
 23
-0.16439898372402537
 33
0.0
  0
ENDBLK
  5
7A
330
78
100
AcDbEntity
  8
0
100
AcDbBlockEnd
  0
BLOCK
  5
85
330
84
100
AcDbEntity
  8
0
100
AcDbBlockBegin
  2
_CLOSEDBLANK
 70
0
 10
0.0
 20
0.0
 30
0.0
  3
_CLOSEDBLANK
  1

  0
LWPOLYLINE
  5
87
330
84
100
AcDbEntity
  8
0
  6
BYBLOCK
 62
0
100
AcDbPolyline
 90
3
 70
1
 10
-1.0
 20
0.16439898372402537
 10
0.0
 20
0.0
 10
-1.0
 20
-0.16439898372402537
  0
ENDBLK
  5
86
330
84
100
AcDbEntity
  8
0
100
AcDbBlockEnd
  0
BLOCK
  5
209
330
208
100
AcDbEntity
  8
0
100
AcDbBlockBegin
  2
*D1
 70
1
 10
0.0
 20
0.0
 30
0.0
  3
*D1
  1

  0
LINE
  5
20B
330
208
100
AcDbEntity
  8
D-STR-DIM
 62
7
370
13
100
AcDbLine
 10
0.0
 20
7355.0
 30
0.0
 11
0.0
 21
8325.0
 31
0.0
  0
LINE
  5
20C
330
208
100
AcDbEntity
  8
D-STR-DIM
 62
7
370
13
100
AcDbLine
 10
8190.0
 20
7355.0
 30
0.0
 11
8190.0
 21
8325.0
 31
0.0
  0
INSERT
  5
20D
330
208
100
AcDbEntity
  8
D-STR-DIM
 62
7
100
AcDbBlockReference
  2
_CLOSEDFILLED
 10
0.0
 20
8250.0
 30
0.0
 41
100.0
 42
100.0
 50
180.0
  0
INSERT
  5
20F
330
208
100
AcDbEntity
  8
D-STR-DIM
 62
7
100
AcDbBlockReference
  2
_CLOSEDFILLED
 10
8190.0
 20
8250.0
 30
0.0
 41
100.0
 42
100.0
  0
LINE
  5
211
330
208
100
AcDbEntity
  8
D-STR-DIM
 62
7
370
13
100
AcDbLine
 10
100.0
 20
8250.0
 30
0.0
 11
8090.0
 21
8250.0
 31
0.0
  0
MTEXT
  5
212
330
208
100
AcDbEntity
  8
D-STR-DIM
 62
7
100
AcDbMText
 10
4095.0
 20
8387.5
 30
0.0
 40
125.0
 71
5
  1
8190
  7
HOUSE_UNICODE
 45
1.2
 90
3
 63
0
  0
POINT
  5
213
330
208
100
AcDbEntity
  8
D-STR-DIM
100
AcDbPoint
 10
0.0
 20
8250.0
 30
0.0
  0
POINT
  5
214
330
208
100
AcDbEntity
  8
D-STR-DIM
100
AcDbPoint
 10
0.0
 20
7280.0
 30
0.0
  0
POINT
  5
215
330
208
100
AcDbEntity
  8
D-STR-DIM
100
AcDbPoint
 10
8190.0
 20
7280.0
 30
0.0
  0
ENDBLK
  5
20A
330
208
100
AcDbEntity
  8
0
100
AcDbBlockEnd
  0
BLOCK
  5
218
330
217
100
AcDbEntity
  8
0
100
AcDbBlockBegin
  2
*D2
 70
1
 10
0.0
 20
0.0
 30
0.0
  3
*D2
  1

  0
LINE
  5
21A
330
217
100
AcDbEntity
  8
D-STR-DIM
 62
7
370
13
100
AcDbLine
 10
8265.0
 20
0.0
 30
0.0
 11
8965.0
 21
0.0
 31
0.0
  0
LINE
  5
21B
330
217
100
AcDbEntity
  8
D-STR-DIM
 62
7
370
13
100
AcDbLine
 10
8265.0
 20
7280.0
 30
0.0
 11
8965.0
 21
7280.0
 31
0.0
  0
INSERT
  5
21C
330
217
100
AcDbEntity
  8
D-STR-DIM
 62
7
100
AcDbBlockReference
  2
_CLOSEDFILLED
 10
8890.0
 20
0.0
 30
0.0
 41
100.0
 42
100.0
 50
270.0
  0
INSERT
  5
21E
330
217
100
AcDbEntity
  8
D-STR-DIM
 62
7
100
AcDbBlockReference
  2
_CLOSEDFILLED
 10
8890.0
 20
7280.0
 30
0.0
 41
100.0
 42
100.0
 50
90.0
  0
LINE
  5
220
330
217
100
AcDbEntity
  8
D-STR-DIM
 62
7
370
13
100
AcDbLine
 10
8890.0
 20
100.0
 30
0.0
 11
8890.0
 21
7180.0
 31
0.0
  0
MTEXT
  5
221
330
217
100
AcDbEntity
  8
D-STR-DIM
 62
7
100
AcDbMText
 10
8752.5
 20
3640.0
 30
0.0
 40
125.0
 71
5
  1
7280
  7
HOUSE_UNICODE
 50
90.0
 45
1.2
 90
3
 63
0
  0
POINT
  5
222
330
217
100
AcDbEntity
  8
D-STR-DIM
100
AcDbPoint
 10
8890.0
 20
0.0
 30
0.0
  0
POINT
  5
223
330
217
100
AcDbEntity
  8
D-STR-DIM
100
AcDbPoint
 10
8190.0
 20
0.0
 30
0.0
  0
POINT
  5
224
330
217
100
AcDbEntity
  8
D-STR-DIM
100
AcDbPoint
 10
8190.0
 20
7280.0
 30
0.0
  0
ENDBLK
  5
219
330
217
100
AcDbEntity
  8
0
100
AcDbBlockEnd
  0
BLOCK
  5
39B
330
39A
100
AcDbEntity
  8
0
100
AcDbBlockBegin
  2
*D3
 70
1
 10
0.0
 20
0.0
 30
0.0
  3
*D3
  1

  0
LINE
  5
39D
330
39A
100
AcDbEntity
  8
D-STR-DIM
 62
7
370
13
100
AcDbLine
 10
9000.0
 20
7355.0
 30
0.0
 11
9000.0
 21
8325.0
 31
0.0
  0
LINE
  5
39E
330
39A
100
AcDbEntity
  8
D-STR-DIM
 62
7
370
13
100
AcDbLine
 10
17190.0
 20
7355.0
 30
0.0
 11
17190.0
 21
8325.0
 31
0.0
  0
INSERT
  5
39F
330
39A
100
AcDbEntity
  8
D-STR-DIM
 62
7
100
AcDbBlockReference
  2
_CLOSEDFILLED
 10
9000.0
 20
8250.0
 30
0.0
 41
100.0
 42
100.0
 50
180.0
  0
INSERT
  5
3A1
330
39A
100
AcDbEntity
  8
D-STR-DIM
 62
7
100
AcDbBlockReference
  2
_CLOSEDFILLED
 10
17190.0
 20
8250.0
 30
0.0
 41
100.0
 42
100.0
  0
LINE
  5
3A3
330
39A
100
AcDbEntity
  8
D-STR-DIM
 62
7
370
13
100
AcDbLine
 10
9100.0
 20
8250.0
 30
0.0
 11
17090.0
 21
8250.0
 31
0.0
  0
MTEXT
  5
3A4
330
39A
100
AcDbEntity
  8
D-STR-DIM
 62
7
100
AcDbMText
 10
13095.0
 20
8387.5
 30
0.0
 40
125.0
 71
5
  1
8190
  7
HOUSE_UNICODE
 45
1.2
 90
3
 63
0
  0
POINT
  5
3A5
330
39A
100
AcDbEntity
  8
D-STR-DIM
100
AcDbPoint
 10
9000.0
 20
8250.0
 30
0.0
  0
POINT
  5
3A6
330
39A
100
AcDbEntity
  8
D-STR-DIM
100
AcDbPoint
 10
9000.0
 20
7280.0
 30
0.0
  0
POINT
  5
3A7
330
39A
100
AcDbEntity
  8
D-STR-DIM
100
AcDbPoint
 10
17190.0
 20
7280.0
 30
0.0
  0
ENDBLK
  5
39C
330
39A
100
AcDbEntity
  8
0
100
AcDbBlockEnd
  0
BLOCK
  5
3AA
330
3A9
100
AcDbEntity
  8
0
100
AcDbBlockBegin
  2
*D4
 70
1
 10
0.0
 20
0.0
 30
0.0
  3
*D4
  1

  0
LINE
  5
3AC
330
3A9
100
AcDbEntity
  8
D-STR-DIM
 62
7
370
13
100
AcDbLine
 10
17265.0
 20
0.0
 30
0.0
 11
17965.0
 21
0.0
 31
0.0
  0
LINE
  5
3AD
330
3A9
100
AcDbEntity
  8
D-STR-DIM
 62
7
370
13
100
AcDbLine
 10
17265.0
 20
7280.0
 30
0.0
 11
17965.0
 21
7280.0
 31
0.0
  0
INSERT
  5
3AE
330
3A9
100
AcDbEntity
  8
D-STR-DIM
 62
7
100
AcDbBlockReference
  2
_CLOSEDFILLED
 10
17890.0
 20
0.0
 30
0.0
 41
100.0
 42
100.0
 50
270.0
  0
INSERT
  5
3B0
330
3A9
100
AcDbEntity
  8
D-STR-DIM
 62
7
100
AcDbBlockReference
  2
_CLOSEDFILLED
 10
17890.0
 20
7280.0
 30
0.0
 41
100.0
 42
100.0
 50
90.0
  0
LINE
  5
3B2
330
3A9
100
AcDbEntity
  8
D-STR-DIM
 62
7
370
13
100
AcDbLine
 10
17890.0
 20
100.0
 30
0.0
 11
17890.0
 21
7180.0
 31
0.0
  0
MTEXT
  5
3B3
330
3A9
100
AcDbEntity
  8
D-STR-DIM
 62
7
100
AcDbMText
 10
17752.5
 20
3640.0
 30
0.0
 40
125.0
 71
5
  1
7280
  7
HOUSE_UNICODE
 50
90.0
 45
1.2
 90
3
 63
0
  0
POINT
  5
3B4
330
3A9
100
AcDbEntity
  8
D-STR-DIM
100
AcDbPoint
 10
17890.0
 20
0.0
 30
0.0
  0
POINT
  5
3B5
330
3A9
100
AcDbEntity
  8
D-STR-DIM
100
AcDbPoint
 10
17190.0
 20
0.0
 30
0.0
  0
POINT
  5
3B6
330
3A9
100
AcDbEntity
  8
D-STR-DIM
100
AcDbPoint
 10
17190.0
 20
7280.0
 30
0.0
  0
ENDBLK
  5
3AB
330
3A9
100
AcDbEntity
  8
0
100
AcDbBlockEnd
  0
BLOCK
  5
485
330
484
100
AcDbEntity
  8
0
100
AcDbBlockBegin
  2
*D5
 70
1
 10
0.0
 20
0.0
 30
0.0
  3
*D5
  1

  0
LINE
  5
487
330
484
100
AcDbEntity
  8
D-STR-DIM
 62
7
370
13
100
AcDbLine
 10
0.0
 20
25392.5
 30
0.0
 11
0.0
 21
25912.5
 31
0.0
  0
LINE
  5
488
330
484
100
AcDbEntity
  8
D-STR-DIM
 62
7
370
13
100
AcDbLine
 10
8190.0
 20
25392.5
 30
0.0
 11
8190.0
 21
25912.5
 31
0.0
  0
INSERT
  5
489
330
484
100
AcDbEntity
  8
D-STR-DIM
 62
7
100
AcDbBlockReference
  2
_CLOSEDFILLED
 10
0.0
 20
25800.0
 30
0.0
 41
150.0
 42
150.0
 50
180.0
  0
INSERT
  5
48B
330
484
100
AcDbEntity
  8
D-STR-DIM
 62
7
100
AcDbBlockReference
  2
_CLOSEDFILLED
 10
8190.0
 20
25800.0
 30
0.0
 41
150.0
 42
150.0
  0
LINE
  5
48D
330
484
100
AcDbEntity
  8
D-STR-DIM
 62
7
370
13
100
AcDbLine
 10
150.0
 20
25800.0
 30
0.0
 11
8040.0
 21
25800.0
 31
0.0
  0
MTEXT
  5
48E
330
484
100
AcDbEntity
  8
D-STR-DIM
 62
7
100
AcDbMText
 10
4095.0
 20
26006.25
 30
0.0
 40
187.5
 71
5
  1
8190
  7
HOUSE_UNICODE
 45
1.2
 90
3
 63
0
  0
POINT
  5
48F
330
484
100
AcDbEntity
  8
D-STR-DIM
100
AcDbPoint
 10
0.0
 20
25800.0
 30
0.0
  0
POINT
  5
490
330
484
100
AcDbEntity
  8
D-STR-DIM
100
AcDbPoint
 10
0.0
 20
25280.0
 30
0.0
  0
POINT
  5
491
330
484
100
AcDbEntity
  8
D-STR-DIM
100
AcDbPoint
 10
8190.0
 20
25280.0
 30
0.0
  0
ENDBLK
  5
486
330
484
100
AcDbEntity
  8
0
100
AcDbBlockEnd
  0
BLOCK
  5
4AD
330
4AC
100
AcDbEntity
  8
0
100
AcDbBlockBegin
  2
*D6
 70
1
 10
0.0
 20
0.0
 30
0.0
  3
*D6
  1

  0
LINE
  5
4AF
330
4AC
100
AcDbEntity
  8
D-STR-DIM
 62
7
370
13
100
AcDbLine
 10
13390.0
 20
22267.5
 30
0.0
 11
13390.0
 21
22717.5
 31
0.0
  0
LINE
  5
4B0
330
4AC
100
AcDbEntity
  8
D-STR-DIM
 62
7
370
13
100
AcDbLine
 10
14590.0
 20
22267.5
 30
0.0
 11
14590.0
 21
22717.5
 31
0.0
  0
INSERT
  5
4B1
330
4AC
100
AcDbEntity
  8
D-STR-DIM
 62
7
100
AcDbBlockReference
  2
_CLOSEDFILLED
 10
13390.0
 20
22605.0
 30
0.0
 41
150.0
 42
150.0
 50
180.0
  0
INSERT
  5
4B3
330
4AC
100
AcDbEntity
  8
D-STR-DIM
 62
7
100
AcDbBlockReference
  2
_CLOSEDFILLED
 10
14590.0
 20
22605.0
 30
0.0
 41
150.0
 42
150.0
  0
LINE
  5
4B5
330
4AC
100
AcDbEntity
  8
D-STR-DIM
 62
7
370
13
100
AcDbLine
 10
13540.0
 20
22605.0
 30
0.0
 11
14440.0
 21
22605.0
 31
0.0
  0
MTEXT
  5
4B6
330
4AC
100
AcDbEntity
  8
D-STR-DIM
 62
7
100
AcDbMText
 10
13990.0
 20
22811.25
 30
0.0
 40
187.5
 71
5
  1
1200
  7
HOUSE_UNICODE
 45
1.2
 90
3
 63
0
  0
POINT
  5
4B7
330
4AC
100
AcDbEntity
  8
D-STR-DIM
100
AcDbPoint
 10
13390.0
 20
22605.0
 30
0.0
  0
POINT
  5
4B8
330
4AC
100
AcDbEntity
  8
D-STR-DIM
100
AcDbPoint
 10
13390.0
 20
22155.0
 30
0.0
  0
POINT
  5
4B9
330
4AC
100
AcDbEntity
  8
D-STR-DIM
100
AcDbPoint
 10
14590.0
 20
22155.0
 30
0.0
  0
ENDBLK
  5
4AE
330
4AC
100
AcDbEntity
  8
0
100
AcDbBlockEnd
  0
BLOCK
  5
4BC
330
4BB
100
AcDbEntity
  8
0
100
AcDbBlockBegin
  2
*D7
 70
1
 10
0.0
 20
0.0
 30
0.0
  3
*D7
  1

  0
LINE
  5
4BE
330
4BB
100
AcDbEntity
  8
D-STR-DIM
 62
7
370
13
100
AcDbLine
 10
13277.5
 20
21505.0
 30
0.0
 11
12627.5
 21
21505.0
 31
0.0
  0
LINE
  5
4BF
330
4BB
100
AcDbEntity
  8
D-STR-DIM
 62
7
370
13
100
AcDbLine
 10
13277.5
 20
22155.0
 30
0.0
 11
12627.5
 21
22155.0
 31
0.0
  0
INSERT
  5
4C0
330
4BB
100
AcDbEntity
  8
D-STR-DIM
 62
7
100
AcDbBlockReference
  2
_CLOSEDFILLED
 10
12740.0
 20
21505.0
 30
0.0
 41
150.0
 42
150.0
 50
270.0
  0
INSERT
  5
4C2
330
4BB
100
AcDbEntity
  8
D-STR-DIM
 62
7
100
AcDbBlockReference
  2
_CLOSEDFILLED
 10
12740.0
 20
22155.0
 30
0.0
 41
150.0
 42
150.0
 50
90.0
  0
LINE
  5
4C4
330
4BB
100
AcDbEntity
  8
D-STR-DIM
 62
7
370
13
100
AcDbLine
 10
12740.0
 20
21655.0
 30
0.0
 11
12740.0
 21
22005.0
 31
0.0
  0
MTEXT
  5
4C5
330
4BB
100
AcDbEntity
  8
D-STR-DIM
 62
7
100
AcDbMText
 10
12533.75
 20
21830.0
 30
0.0
 40
187.5
 71
5
  1
650
  7
HOUSE_UNICODE
 50
90.0
 45
1.2
 90
3
 63
0
  0
POINT
  5
4C6
330
4BB
100
AcDbEntity
  8
D-STR-DIM
100
AcDbPoint
 10
12740.0
 20
21505.0
 30
0.0
  0
POINT
  5
4C7
330
4BB
100
AcDbEntity
  8
D-STR-DIM
100
AcDbPoint
 10
13390.0
 20
21505.0
 30
0.0
  0
POINT
  5
4C8
330
4BB
100
AcDbEntity
  8
D-STR-DIM
100
AcDbPoint
 10
13390.0
 20
22155.0
 30
0.0
  0
ENDBLK
  5
4BD
330
4BB
100
AcDbEntity
  8
0
100
AcDbBlockEnd
  0
BLOCK
  5
4CB
330
4CA
100
AcDbEntity
  8
0
100
AcDbBlockBegin
  2
*D8
 70
1
 10
0.0
 20
0.0
 30
0.0
  3
*D8
  1

  0
LINE
  5
4CD
330
4CA
100
AcDbEntity
  8
D-STR-DIM
 62
7
370
13
100
AcDbLine
 10
12755.0
 20
25192.5
 30
0.0
 11
12755.0
 21
25912.5
 31
0.0
  0
LINE
  5
4CE
330
4CA
100
AcDbEntity
  8
D-STR-DIM
 62
7
370
13
100
AcDbLine
 10
16435.0
 20
25192.5
 30
0.0
 11
16435.0
 21
25912.5
 31
0.0
  0
INSERT
  5
4CF
330
4CA
100
AcDbEntity
  8
D-STR-DIM
 62
7
100
AcDbBlockReference
  2
_CLOSEDFILLED
 10
12755.0
 20
25800.0
 30
0.0
 41
150.0
 42
150.0
 50
180.0
  0
INSERT
  5
4D1
330
4CA
100
AcDbEntity
  8
D-STR-DIM
 62
7
100
AcDbBlockReference
  2
_CLOSEDFILLED
 10
16435.0
 20
25800.0
 30
0.0
 41
150.0
 42
150.0
  0
LINE
  5
4D3
330
4CA
100
AcDbEntity
  8
D-STR-DIM
 62
7
370
13
100
AcDbLine
 10
12905.0
 20
25800.0
 30
0.0
 11
16285.0
 21
25800.0
 31
0.0
  0
MTEXT
  5
4D4
330
4CA
100
AcDbEntity
  8
D-STR-DIM
 62
7
100
AcDbMText
 10
14595.0
 20
26006.25
 30
0.0
 40
187.5
 71
5
  1
3680
  7
HOUSE_UNICODE
 45
1.2
 90
3
 63
0
  0
POINT
  5
4D5
330
4CA
100
AcDbEntity
  8
D-STR-DIM
100
AcDbPoint
 10
12755.0
 20
25800.0
 30
0.0
  0
POINT
  5
4D6
330
4CA
100
AcDbEntity
  8
D-STR-DIM
100
AcDbPoint
 10
12755.0
 20
25080.0
 30
0.0
  0
POINT
  5
4D7
330
4CA
100
AcDbEntity
  8
D-STR-DIM
100
AcDbPoint
 10
16435.0
 20
25080.0
 30
0.0
  0
ENDBLK
  5
4CC
330
4CA
100
AcDbEntity
  8
0
100
AcDbBlockEnd
  0
BLOCK
  5
4FA
330
4F9
100
AcDbEntity
  8
0
100
AcDbBlockBegin
  2
*Paper_Space1
 70
0
 10
0.0
 20
0.0
 30
0.0
  3
*Paper_Space1
  1

  0
VIEWPORT
  5
4FD
330
4F9
100
AcDbEntity
 67
1
  8
VIEWPORTS
100
AcDbViewport
 10
210.0
 20
148.5
 30
0.0
 40
462.00000000000006
 41
326.70000000000005
 68
1
 69
1
 12
210.0
 22
148.5
 13
0.0
 23
0.0
 14
10.0
 24
10.0
 15
10.0
 25
10.0
 16
0.0
 26
0.0
 36
1.0
 17
0.0
 27
0.0
 37
0.0
 42
50.0
 43
0.0
 44
0.0
 45
326.70000000000005
 50
0.0
 51
0.0
 72
100
 90
557088
  1

281
0
 71
0
 74
0
110
0.0
120
0.0
130
0.0
111
1.0
121
0.0
131
0.0
112
0.0
122
1.0
132
0.0
 79
0
146
0.0
282
0
  0
LWPOLYLINE
  5
4FE
330
4F9
100
AcDbEntity
 67
1
  8
D-TTL-FRAM
100
AcDbPolyline
 90
4
 70
1
 10
7.5
 20
7.5
 10
412.5
 20
7.5
 10
412.5
 20
289.5
 10
7.5
 20
289.5
  0
VIEWPORT
  5
4FF
330
4F9
100
AcDbEntity
 67
1
  8
D-TTL-VPRT
100
AcDbViewport
 10
210.0
 20
148.5
 30
0.0
 40
400.0
 41
278.0
 68
2
 69
3
 12
12900.0
 22
19387.5
 13
0.0
 23
0.0
 14
10.0
 24
10.0
 15
10.0
 25
10.0
 16
0.0
 26
0.0
 36
1.0
 17
0.0
 27
0.0
 37
0.0
 42
50.0
 43
0.0
 44
0.0
 45
20850.0
 50
0.0
 51
0.0
 72
100
 90
16384
  1

281
0
 71
0
 74
0
110
0.0
120
0.0
130
0.0
111
1.0
121
0.0
131
0.0
112
0.0
122
1.0
132
0.0
 79
0
146
0.0
282
0
  0
ENDBLK
  5
4FB
330
4F9
100
AcDbEntity
  8
0
100
AcDbBlockEnd
  0
BLOCK
  5
3BF
330
3BE
100
AcDbEntity
  8
0
100
AcDbBlockBegin
  2
*Paper_Space
 70
0
 10
0.0
 20
0.0
 30
0.0
  3
*Paper_Space
  1

  0
ENDBLK
  5
3C0
330
3BE
100
AcDbEntity
  8
0
100
AcDbBlockEnd
  0
BLOCK
  5
1C
330
1B
100
AcDbEntity
  8
0
100
AcDbBlockBegin
  2
*Paper_Space0
 70
0
 10
0.0
 20
0.0
 30
0.0
  3
*Paper_Space0
  1

  0
ENDBLK
  5
1D
330
1B
100
AcDbEntity
  8
0
100
AcDbBlockEnd
  0
ENDSEC
  0
SECTION
  2
ENTITIES
  0
TEXT
  5
9B
330
17
100
AcDbEntity
  8
D-STR-TXT
100
AcDbText
 10
4550.0
 20
9400.0
 30
0.0
 40
175.0
  1
01 1階 柱・梁・耐力壁候補 / 1:50
  7
HOUSE_UNICODE
 72
1
 11
4550.0
 21
9400.0
 31
0.0
100
AcDbText
 73
2
  0
LWPOLYLINE
  5
9C
330
17
100
AcDbEntity
  8
D-BYP-FIXT
100
AcDbPolyline
 90
6
 70
1
 10
8190.0
 20
1700.0
 10
8010.0
 20
1700.0
 10
8010.0
 20
180.0
 10
7540.0
 20
180.0
 10
7540.0
 20
0.0
 10
8190.0
 20
0.0
  0
LWPOLYLINE
  5
9D
330
17
100
AcDbEntity
  8
D-BYP-FIXT
100
AcDbPolyline
 90
14
 70
1
 10
8190.0
 20
7280.0
 10
7490.0
 20
7280.0
 10
7490.0
 20
7100.0
 10
8010.0
 20
7100.0
 10
8010.0
 20
5280.0
 10
6190.0
 20
5280.0
 10
6190.0
 20
5430.0
 10
6090.0
 20
5430.0
 10
6090.0
 20
5280.0
 10
5040.0
 20
5280.0
 10
5040.0
 20
5180.0
 10
8010.0
 20
5180.0
 10
8010.0
 20
3500.0
 10
8190.0
 20
3500.0
  0
LWPOLYLINE
  5
9E
330
17
100
AcDbEntity
  8
D-BYP-FIXT
100
AcDbPolyline
 90
8
 70
1
 10
5190.0
 20
7280.0
 10
5190.0
 20
7100.0
 10
6090.0
 20
7100.0
 10
6090.0
 20
6180.0
 10
6190.0
 20
6180.0
 10
6190.0
 20
7100.0
 10
6890.0
 20
7100.0
 10
6890.0
 20
7280.0
  0
LWPOLYLINE
  5
9F
330
17
100
AcDbEntity
  8
D-BYP-FIXT
100
AcDbPolyline
 90
13
 70
1
 10
2860.0
 20
7280.0
 10
2860.0
 20
7100.0
 10
3080.0
 20
7100.0
 10
3080.0
 20
5280.0
 10
2980.0
 20
5280.0
 10
2980.0
 20
5180.0
 10
3180.0
 20
5180.0
 10
4240.0
 20
5180.0
 10
4240.0
 20
5280.0
 10
3180.0
 20
5280.0
 10
3180.0
 20
7100.0
 10
4290.0
 20
7100.0
 10
4290.0
 20
7280.0
  0
LWPOLYLINE
  5
A0
330
17
100
AcDbEntity
  8
D-BYP-FIXT
100
AcDbPolyline
 90
16
 70
1
 10
0.0
 20
7280.0
 10
0.0
 20
6800.0
 10
180.0
 20
6800.0
 10
180.0
 20
7100.0
 10
2080.0
 20
7100.0
 10
2080.0
 20
4381.0
 10
2080.0
 20
4380.0
 10
2080.0
 20
4280.0
 10
2180.0
 20
4280.0
 10
2180.0
 20
5180.0
 10
2280.0
 20
5180.0
 10
2280.0
 20
5280.0
 10
2180.0
 20
5280.0
 10
2180.0
 20
7100.0
 10
2410.0
 20
7100.0
 10
2410.0
 20
7280.0
  0
LWPOLYLINE
  5
A1
330
17
100
AcDbEntity
  8
D-BYP-FIXT
100
AcDbPolyline
 90
24
 70
1
 10
0.0
 20
0.0
 10
980.0
 20
0.0
 10
980.0
 20
180.0
 10
180.0
 20
180.0
 10
180.0
 20
1780.0
 10
930.0
 20
1780.0
 10
930.0
 20
1880.0
 10
180.0
 20
1880.0
 10
180.0
 20
4280.0
 10
280.0
 20
4280.0
 10
280.0
 20
4380.0
 10
230.0
 20
4380.0
 10
230.0
 20
6140.0
 10
1030.0
 20
6140.0
 10
1030.0
 20
4380.0
 10
980.0
 20
4380.0
 10
980.0
 20
4280.0
 10
1180.0
 20
4280.0
 10
1180.0
 20
4380.0
 10
1080.0
 20
4380.0
 10
1080.0
 20
6200.0
 10
181.0
 20
6200.0
 10
180.0
 20
6200.0
 10
0.0
 20
6200.0
  0
LWPOLYLINE
  5
A2
330
17
100
AcDbEntity
  8
D-BYP-FIXT
100
AcDbPolyline
 90
10
 70
1
 10
5440.0
 20
0.0
 10
5440.0
 20
180.0
 10
2180.0
 20
180.0
 10
2180.0
 20
1880.0
 10
1830.0
 20
1880.0
 10
1830.0
 20
1780.0
 10
2080.0
 20
1780.0
 10
2080.0
 20
180.0
 10
1880.0
 20
180.0
 10
1880.0
 20
0.0
  0
LWPOLYLINE
  5
A3
330
17
100
AcDbEntity
  8
D-STR-DOOR
100
AcDbPolyline
 90
4
 70
1
 10
30.0
 20
30.0
 10
30.0
 20
150.0
 10
8160.0
 20
150.0
 10
8160.0
 20
30.0
  0
MTEXT
  5
A4
330
17
100
AcDbEntity
  8
D-STR-TXT
100
AcDbMText
 10
4190.0
 20
500.0
 30
0.0
 40
100.0
 41
207.9296875
 71
5
  1
B01
  7
HOUSE_UNICODE
 45
1.2
 90
3
 63
0
  0
LWPOLYLINE
  5
A5
330
17
100
AcDbEntity
  8
D-STR-DOOR
100
AcDbPolyline
 90
4
 70
1
 10
30.0
 20
7130.0
 10
30.0
 20
7250.0
 10
8160.0
 20
7250.0
 10
8160.0
 20
7130.0
  0
MTEXT
  5
A6
330
17
100
AcDbEntity
  8
D-STR-TXT
100
AcDbMText
 10
4190.0
 20
6980.0
 30
0.0
 40
100.0
 41
207.9296875
 71
5
  1
B02
  7
HOUSE_UNICODE
 45
1.2
 90
3
 63
0
  0
LWPOLYLINE
  5
A7
330
17
100
AcDbEntity
  8
D-STR-DOOR
100
AcDbPolyline
 90
4
 70
1
 10
8040.0
 20
150.0
 10
8040.0
 20
7130.0
 10
8160.0
 20
7130.0
 10
8160.0
 20
150.0
  0
LWPOLYLINE
  5
A8
330
17
100
AcDbEntity
  8
D-STR-DOOR
100
AcDbPolyline
 90
4
 70
1
 10
30.0
 20
150.0
 10
30.0
 20
7130.0
 10
150.0
 20
7130.0
 10
150.0
 20
150.0
  0
LWPOLYLINE
  5
A9
330
17
100
AcDbEntity
  8
D-STR-DOOR
100
AcDbPolyline
 90
4
 70
1
 10
150.0
 20
3240.0
 10
150.0
 20
3420.0
 10
8040.0
 20
3420.0
 10
8040.0
 20
3240.0
  0
MTEXT
  5
AA
330
17
100
AcDbEntity
  8
D-STR-TXT
100
AcDbMText
 10
4095.0
 20
3580.0
 30
0.0
 40
100.0
 41
207.9296875
 71
5
  1
B05
  7
HOUSE_UNICODE
 45
1.2
 90
3
 63
0
  0
LWPOLYLINE
  5
AB
330
17
100
AcDbEntity
  8
D-STR-DOOR
100
AcDbPolyline
 90
4
 70
1
 10
150.0
 20
4285.0
 10
150.0
 20
4375.0
 10
8040.0
 20
4375.0
 10
8040.0
 20
4285.0
  0
MTEXT
  5
AC
330
17
100
AcDbEntity
  8
D-STR-TXT
100
AcDbMText
 10
3990.0
 20
4670.0
 30
0.0
 40
100.0
 41
207.9296875
 71
5
  1
B06
  7
HOUSE_UNICODE
 45
1.2
 90
3
 63
0
  0
LWPOLYLINE
  5
AD
330
17
100
AcDbEntity
  8
D-STR-DOOR
100
AcDbPolyline
 90
4
 70
1
 10
3085.0
 20
4330.0
 10
3085.0
 20
7130.0
 10
3175.0
 20
7130.0
 10
3175.0
 20
4330.0
  0
MTEXT
  5
AE
330
17
100
AcDbEntity
  8
D-STR-TXT
100
AcDbMText
 10
3460.0
 20
5980.0
 30
0.0
 40
100.0
 41
207.9296875
 71
5
  1
B07
  7
HOUSE_UNICODE
 45
1.2
 90
3
 63
0
  0
LWPOLYLINE
  5
AF
330
17
100
AcDbEntity
  8
D-STR-DOOR
100
AcDbPolyline
 90
4
 70
1
 10
2085.0
 20
4330.0
 10
2085.0
 20
7130.0
 10
2175.0
 20
7130.0
 10
2175.0
 20
4330.0
  0
LWPOLYLINE
  5
B0
330
17
100
AcDbEntity
  8
D-STR-DOOR
100
AcDbPolyline
 90
4
 70
1
 10
2130.0
 20
5185.0
 10
2130.0
 20
5275.0
 10
3130.0
 20
5275.0
 10
3130.0
 20
5185.0
  0
LWPOLYLINE
  5
B1
330
17
100
AcDbEntity
  8
D-STR-DOOR
100
AcDbPolyline
 90
4
 70
1
 10
4815.0
 20
150.0
 10
4815.0
 20
4330.0
 10
4905.0
 20
4330.0
 10
4905.0
 20
150.0
  0
LWPOLYLINE
  5
B2
330
17
100
AcDbEntity
  8
D-STR-DOOR
100
AcDbPolyline
 90
4
 70
1
 10
3815.0
 20
150.0
 10
3815.0
 20
4330.0
 10
3905.0
 20
4330.0
 10
3905.0
 20
150.0
  0
LINE
  5
B3
330
17
100
AcDbEntity
  8
D-STR-WALL
100
AcDbLine
 10
8100.0
 20
150.0
 30
0.0
 11
7605.0
 21
150.0
 31
0.0
  0
LINE
  5
B4
330
17
100
AcDbEntity
  8
D-STR-WALL
100
AcDbLine
 10
7605.0
 20
150.0
 30
0.0
 11
7605.0
 21
159.0
 31
0.0
  0
LINE
  5
B5
330
17
100
AcDbEntity
  8
D-STR-WALL
100
AcDbLine
 10
7605.0
 20
159.0
 30
0.0
 11
8100.0
 21
159.0
 31
0.0
  0
LINE
  5
B6
330
17
100
AcDbEntity
  8
D-STR-WALL
100
AcDbLine
 10
8100.0
 20
159.0
 30
0.0
 11
8100.0
 21
150.0
 31
0.0
  0
MTEXT
  5
B7
330
17
100
AcDbEntity
  8
D-STR-TXT
100
AcDbMText
 10
7852.5
 20
390.0
 30
0.0
 40
100.0
 41
302.31445312500006
 71
5
  1
BW01
  7
HOUSE_UNICODE
 45
1.2
 90
3
 63
0
  0
LINE
  5
B8
330
17
100
AcDbEntity
  8
D-STR-WALL
100
AcDbLine
 10
5375.0
 20
150.0
 30
0.0
 11
4540.0
 21
150.0
 31
0.0
  0
LINE
  5
B9
330
17
100
AcDbEntity
  8
D-STR-WALL
100
AcDbLine
 10
4540.0
 20
150.0
 30
0.0
 11
4540.0
 21
159.0
 31
0.0
  0
LINE
  5
BA
330
17
100
AcDbEntity
  8
D-STR-WALL
100
AcDbLine
 10
4540.0
 20
159.0
 30
0.0
 11
5375.0
 21
159.0
 31
0.0
  0
LINE
  5
BB
330
17
100
AcDbEntity
  8
D-STR-WALL
100
AcDbLine
 10
5375.0
 20
159.0
 30
0.0
 11
5375.0
 21
150.0
 31
0.0
  0
MTEXT
  5
BC
330
17
100
AcDbEntity
  8
D-STR-TXT
100
AcDbMText
 10
4957.5
 20
390.0
 30
0.0
 40
100.0
 41
302.31445312500006
 71
5
  1
BW02
  7
HOUSE_UNICODE
 45
1.2
 90
3
 63
0
  0
LINE
  5
BD
330
17
100
AcDbEntity
  8
D-STR-WALL
100
AcDbLine
 10
4540.0
 20
150.0
 30
0.0
 11
3650.0
 21
150.0
 31
0.0
  0
LINE
  5
BE
330
17
100
AcDbEntity
  8
D-STR-WALL
100
AcDbLine
 10
3650.0
 20
150.0
 30
0.0
 11
3650.0
 21
159.0
 31
0.0
  0
LINE
  5
BF
330
17
100
AcDbEntity
  8
D-STR-WALL
100
AcDbLine
 10
3650.0
 20
159.0
 30
0.0
 11
4540.0
 21
159.0
 31
0.0
  0
LINE
  5
C0
330
17
100
AcDbEntity
  8
D-STR-WALL
100
AcDbLine
 10
4540.0
 20
159.0
 30
0.0
 11
4540.0
 21
150.0
 31
0.0
  0
MTEXT
  5
C1
330
17
100
AcDbEntity
  8
D-STR-TXT
100
AcDbMText
 10
4095.0
 20
170.0
 30
0.0
 40
100.0
 41
302.31445312500006
 71
5
  1
BW03
  7
HOUSE_UNICODE
 45
1.2
 90
3
 63
0
  0
LINE
  5
C2
330
17
100
AcDbEntity
  8
D-STR-WALL
100
AcDbLine
 10
3650.0
 20
150.0
 30
0.0
 11
3055.0
 21
150.0
 31
0.0
  0
LINE
  5
C3
330
17
100
AcDbEntity
  8
D-STR-WALL
100
AcDbLine
 10
3055.0
 20
150.0
 30
0.0
 11
3055.0
 21
159.0
 31
0.0
  0
LINE
  5
C4
330
17
100
AcDbEntity
  8
D-STR-WALL
100
AcDbLine
 10
3055.0
 20
159.0
 30
0.0
 11
3650.0
 21
159.0
 31
0.0
  0
LINE
  5
C5
330
17
100
AcDbEntity
  8
D-STR-WALL
100
AcDbLine
 10
3650.0
 20
159.0
 30
0.0
 11
3650.0
 21
150.0
 31
0.0
  0
MTEXT
  5
C6
330
17
100
AcDbEntity
  8
D-STR-TXT
100
AcDbMText
 10
3352.5
 20
390.0
 30
0.0
 40
100.0
 41
302.31445312500006
 71
5
  1
BW04
  7
HOUSE_UNICODE
 45
1.2
 90
3
 63
0
  0
LINE
  5
C7
330
17
100
AcDbEntity
  8
D-STR-WALL
100
AcDbLine
 10
915.0
 20
150.0
 30
0.0
 11
90.0
 21
150.0
 31
0.0
  0
LINE
  5
C8
330
17
100
AcDbEntity
  8
D-STR-WALL
100
AcDbLine
 10
90.0
 20
150.0
 30
0.0
 11
90.0
 21
159.0
 31
0.0
  0
LINE
  5
C9
330
17
100
AcDbEntity
  8
D-STR-WALL
100
AcDbLine
 10
90.0
 20
159.0
 30
0.0
 11
915.0
 21
159.0
 31
0.0
  0
LINE
  5
CA
330
17
100
AcDbEntity
  8
D-STR-WALL
100
AcDbLine
 10
915.0
 20
159.0
 30
0.0
 11
915.0
 21
150.0
 31
0.0
  0
MTEXT
  5
CB
330
17
100
AcDbEntity
  8
D-STR-TXT
100
AcDbMText
 10
502.5
 20
390.0
 30
0.0
 40
100.0
 41
302.31445312500006
 71
5
  1
BW05
  7
HOUSE_UNICODE
 45
1.2
 90
3
 63
0
  0
LINE
  5
CC
330
17
100
AcDbEntity
  8
D-STR-WALL
100
AcDbLine
 10
8100.0
 20
7121.0
 30
0.0
 11
7605.0
 21
7121.0
 31
0.0
  0
LINE
  5
CD
330
17
100
AcDbEntity
  8
D-STR-WALL
100
AcDbLine
 10
7605.0
 20
7121.0
 30
0.0
 11
7605.0
 21
7130.0
 31
0.0
  0
LINE
  5
CE
330
17
100
AcDbEntity
  8
D-STR-WALL
100
AcDbLine
 10
7605.0
 20
7130.0
 30
0.0
 11
8100.0
 21
7130.0
 31
0.0
  0
LINE
  5
CF
330
17
100
AcDbEntity
  8
D-STR-WALL
100
AcDbLine
 10
8100.0
 20
7130.0
 30
0.0
 11
8100.0
 21
7121.0
 31
0.0
  0
MTEXT
  5
D0
330
17
100
AcDbEntity
  8
D-STR-TXT
100
AcDbMText
 10
7852.5
 20
6890.0
 30
0.0
 40
100.0
 41
302.31445312500006
 71
5
  1
BW06
  7
HOUSE_UNICODE
 45
1.2
 90
3
 63
0
  0
LINE
  5
D1
330
17
100
AcDbEntity
  8
D-STR-WALL
100
AcDbLine
 10
6825.0
 20
7121.0
 30
0.0
 11
6320.0
 21
7121.0
 31
0.0
  0
LINE
  5
D2
330
17
100
AcDbEntity
  8
D-STR-WALL
100
AcDbLine
 10
6320.0
 20
7121.0
 30
0.0
 11
6320.0
 21
7130.0
 31
0.0
  0
LINE
  5
D3
330
17
100
AcDbEntity
  8
D-STR-WALL
100
AcDbLine
 10
6320.0
 20
7130.0
 30
0.0
 11
6825.0
 21
7130.0
 31
0.0
  0
LINE
  5
D4
330
17
100
AcDbEntity
  8
D-STR-WALL
100
AcDbLine
 10
6825.0
 20
7130.0
 30
0.0
 11
6825.0
 21
7121.0
 31
0.0
  0
MTEXT
  5
D5
330
17
100
AcDbEntity
  8
D-STR-TXT
100
AcDbMText
 10
6572.5
 20
6890.0
 30
0.0
 40
100.0
 41
302.31445312500006
 71
5
  1
BW07
  7
HOUSE_UNICODE
 45
1.2
 90
3
 63
0
  0
LINE
  5
D6
330
17
100
AcDbEntity
  8
D-STR-WALL
100
AcDbLine
 10
6320.0
 20
7121.0
 30
0.0
 11
5430.0
 21
7121.0
 31
0.0
  0
LINE
  5
D7
330
17
100
AcDbEntity
  8
D-STR-WALL
100
AcDbLine
 10
5430.0
 20
7121.0
 30
0.0
 11
5430.0
 21
7130.0
 31
0.0
  0
LINE
  5
D8
330
17
100
AcDbEntity
  8
D-STR-WALL
100
AcDbLine
 10
5430.0
 20
7130.0
 30
0.0
 11
6320.0
 21
7130.0
 31
0.0
  0
LINE
  5
D9
330
17
100
AcDbEntity
  8
D-STR-WALL
100
AcDbLine
 10
6320.0
 20
7130.0
 30
0.0
 11
6320.0
 21
7121.0
 31
0.0
  0
MTEXT
  5
DA
330
17
100
AcDbEntity
  8
D-STR-TXT
100
AcDbMText
 10
5875.0
 20
6890.0
 30
0.0
 40
100.0
 41
302.31445312500006
 71
5
  1
BW08
  7
HOUSE_UNICODE
 45
1.2
 90
3
 63
0
  0
LINE
  5
DB
330
17
100
AcDbEntity
  8
D-STR-WALL
100
AcDbLine
 10
4225.0
 20
7121.0
 30
0.0
 11
3650.0
 21
7121.0
 31
0.0
  0
LINE
  5
DC
330
17
100
AcDbEntity
  8
D-STR-WALL
100
AcDbLine
 10
3650.0
 20
7121.0
 30
0.0
 11
3650.0
 21
7130.0
 31
0.0
  0
LINE
  5
DD
330
17
100
AcDbEntity
  8
D-STR-WALL
100
AcDbLine
 10
3650.0
 20
7130.0
 30
0.0
 11
4225.0
 21
7130.0
 31
0.0
  0
LINE
  5
DE
330
17
100
AcDbEntity
  8
D-STR-WALL
100
AcDbLine
 10
4225.0
 20
7130.0
 30
0.0
 11
4225.0
 21
7121.0
 31
0.0
  0
MTEXT
  5
DF
330
17
100
AcDbEntity
  8
D-STR-TXT
100
AcDbMText
 10
3937.5
 20
6670.0
 30
0.0
 40
100.0
 41
302.31445312500006
 71
5
  1
BW09
  7
HOUSE_UNICODE
 45
1.2
 90
3
 63
0
  0
LINE
  5
E0
330
17
100
AcDbEntity
  8
D-STR-WALL
100
AcDbLine
 10
3650.0
 20
7121.0
 30
0.0
 11
3130.0
 21
7121.0
 31
0.0
  0
LINE
  5
E1
330
17
100
AcDbEntity
  8
D-STR-WALL
100
AcDbLine
 10
3130.0
 20
7121.0
 30
0.0
 11
3130.0
 21
7130.0
 31
0.0
  0
LINE
  5
E2
330
17
100
AcDbEntity
  8
D-STR-WALL
100
AcDbLine
 10
3130.0
 20
7130.0
 30
0.0
 11
3650.0
 21
7130.0
 31
0.0
  0
LINE
  5
E3
330
17
100
AcDbEntity
  8
D-STR-WALL
100
AcDbLine
 10
3650.0
 20
7130.0
 30
0.0
 11
3650.0
 21
7121.0
 31
0.0
  0
MTEXT
  5
E4
330
17
100
AcDbEntity
  8
D-STR-TXT
100
AcDbMText
 10
3390.0
 20
6890.0
 30
0.0
 40
100.0
 41
302.31445312500006
 71
5
  1
BW10
  7
HOUSE_UNICODE
 45
1.2
 90
3
 63
0
  0
LINE
  5
E5
330
17
100
AcDbEntity
  8
D-STR-WALL
100
AcDbLine
 10
1870.0
 20
7121.0
 30
0.0
 11
980.0
 21
7121.0
 31
0.0
  0
LINE
  5
E6
330
17
100
AcDbEntity
  8
D-STR-WALL
100
AcDbLine
 10
980.0
 20
7121.0
 30
0.0
 11
980.0
 21
7130.0
 31
0.0
  0
LINE
  5
E7
330
17
100
AcDbEntity
  8
D-STR-WALL
100
AcDbLine
 10
980.0
 20
7130.0
 30
0.0
 11
1870.0
 21
7130.0
 31
0.0
  0
LINE
  5
E8
330
17
100
AcDbEntity
  8
D-STR-WALL
100
AcDbLine
 10
1870.0
 20
7130.0
 30
0.0
 11
1870.0
 21
7121.0
 31
0.0
  0
MTEXT
  5
E9
330
17
100
AcDbEntity
  8
D-STR-TXT
100
AcDbMText
 10
1425.0
 20
6890.0
 30
0.0
 40
100.0
 41
302.31445312500006
 71
5
  1
BW11
  7
HOUSE_UNICODE
 45
1.2
 90
3
 63
0
  0
LINE
  5
EA
330
17
100
AcDbEntity
  8
D-STR-WALL
100
AcDbLine
 10
980.0
 20
7121.0
 30
0.0
 11
90.0
 21
7121.0
 31
0.0
  0
LINE
  5
EB
330
17
100
AcDbEntity
  8
D-STR-WALL
100
AcDbLine
 10
90.0
 20
7121.0
 30
0.0
 11
90.0
 21
7130.0
 31
0.0
  0
LINE
  5
EC
330
17
100
AcDbEntity
  8
D-STR-WALL
100
AcDbLine
 10
90.0
 20
7130.0
 30
0.0
 11
980.0
 21
7130.0
 31
0.0
  0
LINE
  5
ED
330
17
100
AcDbEntity
  8
D-STR-WALL
100
AcDbLine
 10
980.0
 20
7130.0
 30
0.0
 11
980.0
 21
7121.0
 31
0.0
  0
MTEXT
  5
EE
330
17
100
AcDbEntity
  8
D-STR-TXT
100
AcDbMText
 10
535.0
 20
6890.0
 30
0.0
 40
100.0
 41
302.31445312500006
 71
5
  1
BW12
  7
HOUSE_UNICODE
 45
1.2
 90
3
 63
0
  0
LINE
  5
EF
330
17
100
AcDbEntity
  8
D-STR-WALL
100
AcDbLine
 10
8040.0
 20
90.0
 30
0.0
 11
8031.0
 21
90.0
 31
0.0
  0
LINE
  5
F0
330
17
100
AcDbEntity
  8
D-STR-WALL
100
AcDbLine
 10
8031.0
 20
90.0
 30
0.0
 11
8031.0
 21
635.0
 31
0.0
  0
LINE
  5
F1
330
17
100
AcDbEntity
  8
D-STR-WALL
100
AcDbLine
 10
8031.0
 20
635.0
 30
0.0
 11
8040.0
 21
635.0
 31
0.0
  0
LINE
  5
F2
330
17
100
AcDbEntity
  8
D-STR-WALL
100
AcDbLine
 10
8040.0
 20
635.0
 30
0.0
 11
8040.0
 21
90.0
 31
0.0
  0
MTEXT
  5
F3
330
17
100
AcDbEntity
  8
D-STR-TXT
100
AcDbMText
 10
7800.0
 20
582.5
 30
0.0
 40
100.0
 41
302.31445312500006
 71
5
  1
BW13
  7
HOUSE_UNICODE
 45
1.2
 90
3
 63
0
  0
LINE
  5
F4
330
17
100
AcDbEntity
  8
D-STR-WALL
100
AcDbLine
 10
8040.0
 20
3565.0
 30
0.0
 11
8031.0
 21
3565.0
 31
0.0
  0
LINE
  5
F5
330
17
100
AcDbEntity
  8
D-STR-WALL
100
AcDbLine
 10
8031.0
 20
3565.0
 30
0.0
 11
8031.0
 21
4527.5
 31
0.0
  0
LINE
  5
F6
330
17
100
AcDbEntity
  8
D-STR-WALL
100
AcDbLine
 10
8031.0
 20
4527.5
 30
0.0
 11
8040.0
 21
4527.5
 31
0.0
  0
LINE
  5
F7
330
17
100
AcDbEntity
  8
D-STR-WALL
100
AcDbLine
 10
8040.0
 20
4527.5
 30
0.0
 11
8040.0
 21
3565.0
 31
0.0
  0
MTEXT
  5
F8
330
17
100
AcDbEntity
  8
D-STR-TXT
100
AcDbMText
 10
7800.0
 20
4046.25
 30
0.0
 40
100.0
 41
302.31445312500006
 71
5
  1
BW14
  7
HOUSE_UNICODE
 45
1.2
 90
3
 63
0
  0
LINE
  5
F9
330
17
100
AcDbEntity
  8
D-STR-WALL
100
AcDbLine
 10
159.0
 20
90.0
 30
0.0
 11
150.0
 21
90.0
 31
0.0
  0
LINE
  5
FA
330
17
100
AcDbEntity
  8
D-STR-WALL
100
AcDbLine
 10
150.0
 20
90.0
 30
0.0
 11
150.0
 21
977.5
 31
0.0
  0
LINE
  5
FB
330
17
100
AcDbEntity
  8
D-STR-WALL
100
AcDbLine
 10
150.0
 20
977.5
 30
0.0
 11
159.0
 21
977.5
 31
0.0
  0
LINE
  5
FC
330
17
100
AcDbEntity
  8
D-STR-WALL
100
AcDbLine
 10
159.0
 20
977.5
 30
0.0
 11
159.0
 21
90.0
 31
0.0
  0
MTEXT
  5
FD
330
17
100
AcDbEntity
  8
D-STR-TXT
100
AcDbMText
 10
-210.0
 20
533.75
 30
0.0
 40
100.0
 41
302.31445312500006
 71
5
  1
BW15
  7
HOUSE_UNICODE
 45
1.2
 90
3
 63
0
  0
LINE
  5
FE
330
17
100
AcDbEntity
  8
D-STR-WALL
100
AcDbLine
 10
159.0
 20
977.5
 30
0.0
 11
150.0
 21
977.5
 31
0.0
  0
LINE
  5
FF
330
17
100
AcDbEntity
  8
D-STR-WALL
100
AcDbLine
 10
150.0
 20
977.5
 30
0.0
 11
150.0
 21
1865.0
 31
0.0
  0
LINE
  5
100
330
17
100
AcDbEntity
  8
D-STR-WALL
100
AcDbLine
 10
150.0
 20
1865.0
 30
0.0
 11
159.0
 21
1865.0
 31
0.0
  0
LINE
  5
101
330
17
100
AcDbEntity
  8
D-STR-WALL
100
AcDbLine
 10
159.0
 20
1865.0
 30
0.0
 11
159.0
 21
977.5
 31
0.0
  0
MTEXT
  5
102
330
17
100
AcDbEntity
  8
D-STR-TXT
100
AcDbMText
 10
-210.0
 20
1421.25
 30
0.0
 40
100.0
 41
302.31445312500006
 71
5
  1
BW16
  7
HOUSE_UNICODE
 45
1.2
 90
3
 63
0
  0
LINE
  5
103
330
17
100
AcDbEntity
  8
D-STR-WALL
100
AcDbLine
 10
159.0
 20
1865.0
 30
0.0
 11
150.0
 21
1865.0
 31
0.0
  0
LINE
  5
104
330
17
100
AcDbEntity
  8
D-STR-WALL
100
AcDbLine
 10
150.0
 20
1865.0
 30
0.0
 11
150.0
 21
2752.5
 31
0.0
  0
LINE
  5
105
330
17
100
AcDbEntity
  8
D-STR-WALL
100
AcDbLine
 10
150.0
 20
2752.5
 30
0.0
 11
159.0
 21
2752.5
 31
0.0
  0
LINE
  5
106
330
17
100
AcDbEntity
  8
D-STR-WALL
100
AcDbLine
 10
159.0
 20
2752.5
 30
0.0
 11
159.0
 21
1865.0
 31
0.0
  0
MTEXT
  5
107
330
17
100
AcDbEntity
  8
D-STR-TXT
100
AcDbMText
 10
-210.0
 20
2308.75
 30
0.0
 40
100.0
 41
302.31445312500006
 71
5
  1
BW17
  7
HOUSE_UNICODE
 45
1.2
 90
3
 63
0
  0
LINE
  5
108
330
17
100
AcDbEntity
  8
D-STR-WALL
100
AcDbLine
 10
159.0
 20
2752.5
 30
0.0
 11
150.0
 21
2752.5
 31
0.0
  0
LINE
  5
109
330
17
100
AcDbEntity
  8
D-STR-WALL
100
AcDbLine
 10
150.0
 20
2752.5
 30
0.0
 11
150.0
 21
3640.0
 31
0.0
  0
LINE
  5
10A
330
17
100
AcDbEntity
  8
D-STR-WALL
100
AcDbLine
 10
150.0
 20
3640.0
 30
0.0
 11
159.0
 21
3640.0
 31
0.0
  0
LINE
  5
10B
330
17
100
AcDbEntity
  8
D-STR-WALL
100
AcDbLine
 10
159.0
 20
3640.0
 30
0.0
 11
159.0
 21
2752.5
 31
0.0
  0
MTEXT
  5
10C
330
17
100
AcDbEntity
  8
D-STR-TXT
100
AcDbMText
 10
-210.0
 20
3196.25
 30
0.0
 40
100.0
 41
302.31445312500006
 71
5
  1
BW18
  7
HOUSE_UNICODE
 45
1.2
 90
3
 63
0
  0
LINE
  5
10D
330
17
100
AcDbEntity
  8
D-STR-WALL
100
AcDbLine
 10
159.0
 20
3640.0
 30
0.0
 11
150.0
 21
3640.0
 31
0.0
  0
LINE
  5
10E
330
17
100
AcDbEntity
  8
D-STR-WALL
100
AcDbLine
 10
150.0
 20
3640.0
 30
0.0
 11
150.0
 21
4527.5
 31
0.0
  0
LINE
  5
10F
330
17
100
AcDbEntity
  8
D-STR-WALL
100
AcDbLine
 10
150.0
 20
4527.5
 30
0.0
 11
159.0
 21
4527.5
 31
0.0
  0
LINE
  5
110
330
17
100
AcDbEntity
  8
D-STR-WALL
100
AcDbLine
 10
159.0
 20
4527.5
 30
0.0
 11
159.0
 21
3640.0
 31
0.0
  0
MTEXT
  5
111
330
17
100
AcDbEntity
  8
D-STR-TXT
100
AcDbMText
 10
-210.0
 20
4083.75
 30
0.0
 40
100.0
 41
302.31445312500006
 71
5
  1
BW19
  7
HOUSE_UNICODE
 45
1.2
 90
3
 63
0
  0
LINE
  5
112
330
17
100
AcDbEntity
  8
D-STR-WALL
100
AcDbLine
 10
159.0
 20
4527.5
 30
0.0
 11
150.0
 21
4527.5
 31
0.0
  0
LINE
  5
113
330
17
100
AcDbEntity
  8
D-STR-WALL
100
AcDbLine
 10
150.0
 20
4527.5
 30
0.0
 11
150.0
 21
5415.0
 31
0.0
  0
LINE
  5
114
330
17
100
AcDbEntity
  8
D-STR-WALL
100
AcDbLine
 10
150.0
 20
5415.0
 30
0.0
 11
159.0
 21
5415.0
 31
0.0
  0
LINE
  5
115
330
17
100
AcDbEntity
  8
D-STR-WALL
100
AcDbLine
 10
159.0
 20
5415.0
 30
0.0
 11
159.0
 21
4527.5
 31
0.0
  0
MTEXT
  5
116
330
17
100
AcDbEntity
  8
D-STR-TXT
100
AcDbMText
 10
-210.0
 20
4971.25
 30
0.0
 40
100.0
 41
302.31445312500006
 71
5
  1
BW20
  7
HOUSE_UNICODE
 45
1.2
 90
3
 63
0
  0
LINE
  5
117
330
17
100
AcDbEntity
  8
D-STR-WALL
100
AcDbLine
 10
159.0
 20
5415.0
 30
0.0
 11
150.0
 21
5415.0
 31
0.0
  0
LINE
  5
118
330
17
100
AcDbEntity
  8
D-STR-WALL
100
AcDbLine
 10
150.0
 20
5415.0
 30
0.0
 11
150.0
 21
6135.0
 31
0.0
  0
LINE
  5
119
330
17
100
AcDbEntity
  8
D-STR-WALL
100
AcDbLine
 10
150.0
 20
6135.0
 30
0.0
 11
159.0
 21
6135.0
 31
0.0
  0
LINE
  5
11A
330
17
100
AcDbEntity
  8
D-STR-WALL
100
AcDbLine
 10
159.0
 20
6135.0
 30
0.0
 11
159.0
 21
5415.0
 31
0.0
  0
MTEXT
  5
11B
330
17
100
AcDbEntity
  8
D-STR-TXT
100
AcDbMText
 10
-210.0
 20
5775.0
 30
0.0
 40
100.0
 41
302.31445312500006
 71
5
  1
BW21
  7
HOUSE_UNICODE
 45
1.2
 90
3
 63
0
  0
LINE
  5
11C
330
17
100
AcDbEntity
  8
D-STR-WALL
100
AcDbLine
 10
2085.0
 20
4460.0
 30
0.0
 11
2080.0
 21
4460.0
 31
0.0
  0
LINE
  5
11D
330
17
100
AcDbEntity
  8
D-STR-WALL
100
AcDbLine
 10
2080.0
 20
4460.0
 30
0.0
 11
2080.0
 21
5370.0
 31
0.0
  0
LINE
  5
11E
330
17
100
AcDbEntity
  8
D-STR-WALL
100
AcDbLine
 10
2080.0
 20
5370.0
 30
0.0
 11
2085.0
 21
5370.0
 31
0.0
  0
LINE
  5
11F
330
17
100
AcDbEntity
  8
D-STR-WALL
100
AcDbLine
 10
2085.0
 20
5370.0
 30
0.0
 11
2085.0
 21
4460.0
 31
0.0
  0
MTEXT
  5
120
330
17
100
AcDbEntity
  8
D-STR-TXT
100
AcDbMText
 10
1830.0
 20
4915.0
 30
0.0
 40
100.0
 41
302.31445312500006
 71
5
  1
BW22
  7
HOUSE_UNICODE
 45
1.2
 90
3
 63
0
  0
LINE
  5
121
330
17
100
AcDbEntity
  8
D-STR-WALL
100
AcDbLine
 10
2085.0
 20
5370.0
 30
0.0
 11
2080.0
 21
5370.0
 31
0.0
  0
LINE
  5
122
330
17
100
AcDbEntity
  8
D-STR-WALL
100
AcDbLine
 10
2080.0
 20
5370.0
 30
0.0
 11
2080.0
 21
6280.0
 31
0.0
  0
LINE
  5
123
330
17
100
AcDbEntity
  8
D-STR-WALL
100
AcDbLine
 10
2080.0
 20
6280.0
 30
0.0
 11
2085.0
 21
6280.0
 31
0.0
  0
LINE
  5
124
330
17
100
AcDbEntity
  8
D-STR-WALL
100
AcDbLine
 10
2085.0
 20
6280.0
 30
0.0
 11
2085.0
 21
5370.0
 31
0.0
  0
MTEXT
  5
125
330
17
100
AcDbEntity
  8
D-STR-TXT
100
AcDbMText
 10
1830.0
 20
5825.0
 30
0.0
 40
100.0
 41
302.31445312500006
 71
5
  1
BW23
  7
HOUSE_UNICODE
 45
1.2
 90
3
 63
0
  0
LINE
  5
126
330
17
100
AcDbEntity
  8
D-STR-WALL
100
AcDbLine
 10
2085.0
 20
6280.0
 30
0.0
 11
2080.0
 21
6280.0
 31
0.0
  0
LINE
  5
127
330
17
100
AcDbEntity
  8
D-STR-WALL
100
AcDbLine
 10
2080.0
 20
6280.0
 30
0.0
 11
2080.0
 21
7190.0
 31
0.0
  0
LINE
  5
128
330
17
100
AcDbEntity
  8
D-STR-WALL
100
AcDbLine
 10
2080.0
 20
7190.0
 30
0.0
 11
2085.0
 21
7190.0
 31
0.0
  0
LINE
  5
129
330
17
100
AcDbEntity
  8
D-STR-WALL
100
AcDbLine
 10
2085.0
 20
7190.0
 30
0.0
 11
2085.0
 21
6280.0
 31
0.0
  0
MTEXT
  5
12A
330
17
100
AcDbEntity
  8
D-STR-TXT
100
AcDbMText
 10
1830.0
 20
6735.0
 30
0.0
 40
100.0
 41
302.31445312500006
 71
5
  1
BW24
  7
HOUSE_UNICODE
 45
1.2
 90
3
 63
0
  0
LINE
  5
12B
330
17
100
AcDbEntity
  8
D-STR-WALL
100
AcDbLine
 10
3085.0
 20
5370.0
 30
0.0
 11
3080.0
 21
5370.0
 31
0.0
  0
LINE
  5
12C
330
17
100
AcDbEntity
  8
D-STR-WALL
100
AcDbLine
 10
3080.0
 20
5370.0
 30
0.0
 11
3080.0
 21
6280.0
 31
0.0
  0
LINE
  5
12D
330
17
100
AcDbEntity
  8
D-STR-WALL
100
AcDbLine
 10
3080.0
 20
6280.0
 30
0.0
 11
3085.0
 21
6280.0
 31
0.0
  0
LINE
  5
12E
330
17
100
AcDbEntity
  8
D-STR-WALL
100
AcDbLine
 10
3085.0
 20
6280.0
 30
0.0
 11
3085.0
 21
5370.0
 31
0.0
  0
MTEXT
  5
12F
330
17
100
AcDbEntity
  8
D-STR-TXT
100
AcDbMText
 10
2830.0
 20
5825.0
 30
0.0
 40
100.0
 41
302.31445312500006
 71
5
  1
BW25
  7
HOUSE_UNICODE
 45
1.2
 90
3
 63
0
  0
LINE
  5
130
330
17
100
AcDbEntity
  8
D-STR-WALL
100
AcDbLine
 10
3085.0
 20
6280.0
 30
0.0
 11
3080.0
 21
6280.0
 31
0.0
  0
LINE
  5
131
330
17
100
AcDbEntity
  8
D-STR-WALL
100
AcDbLine
 10
3080.0
 20
6280.0
 30
0.0
 11
3080.0
 21
7190.0
 31
0.0
  0
LINE
  5
132
330
17
100
AcDbEntity
  8
D-STR-WALL
100
AcDbLine
 10
3080.0
 20
7190.0
 30
0.0
 11
3085.0
 21
7190.0
 31
0.0
  0
LINE
  5
133
330
17
100
AcDbEntity
  8
D-STR-WALL
100
AcDbLine
 10
3085.0
 20
7190.0
 30
0.0
 11
3085.0
 21
6280.0
 31
0.0
  0
MTEXT
  5
134
330
17
100
AcDbEntity
  8
D-STR-TXT
100
AcDbMText
 10
2830.0
 20
6735.0
 30
0.0
 40
100.0
 41
302.31445312500006
 71
5
  1
BW26
  7
HOUSE_UNICODE
 45
1.2
 90
3
 63
0
  0
LINE
  5
135
330
17
100
AcDbEntity
  8
D-STR-WALL
100
AcDbLine
 10
8160.0
 20
30.0
 30
0.0
 11
8040.0
 21
30.0
 31
0.0
  0
LINE
  5
136
330
17
100
AcDbEntity
  8
D-STR-WALL
100
AcDbLine
 10
8040.0
 20
30.0
 30
0.0
 11
8040.0
 21
150.0
 31
0.0
  0
LINE
  5
137
330
17
100
AcDbEntity
  8
D-STR-WALL
100
AcDbLine
 10
8040.0
 20
150.0
 30
0.0
 11
8160.0
 21
150.0
 31
0.0
  0
LINE
  5
138
330
17
100
AcDbEntity
  8
D-STR-WALL
100
AcDbLine
 10
8160.0
 20
150.0
 30
0.0
 11
8160.0
 21
30.0
 31
0.0
  0
MTEXT
  5
139
330
17
100
AcDbEntity
  8
D-STR-TXT
100
AcDbMText
 10
7870.0
 20
-220.0
 30
0.0
 40
100.0
 41
213.447265625
 71
5
  1
C01
  7
HOUSE_UNICODE
 45
1.2
 90
3
 63
0
  0
LINE
  5
13A
330
17
100
AcDbEntity
  8
D-STR-WALL
100
AcDbLine
 10
7665.0
 20
30.0
 30
0.0
 11
7545.0
 21
30.0
 31
0.0
  0
LINE
  5
13B
330
17
100
AcDbEntity
  8
D-STR-WALL
100
AcDbLine
 10
7545.0
 20
30.0
 30
0.0
 11
7545.0
 21
150.0
 31
0.0
  0
LINE
  5
13C
330
17
100
AcDbEntity
  8
D-STR-WALL
100
AcDbLine
 10
7545.0
 20
150.0
 30
0.0
 11
7665.0
 21
150.0
 31
0.0
  0
LINE
  5
13D
330
17
100
AcDbEntity
  8
D-STR-WALL
100
AcDbLine
 10
7665.0
 20
150.0
 30
0.0
 11
7665.0
 21
30.0
 31
0.0
  0
MTEXT
  5
13E
330
17
100
AcDbEntity
  8
D-STR-TXT
100
AcDbMText
 10
7605.0
 20
-220.0
 30
0.0
 40
100.0
 41
213.447265625
 71
5
  1
C02
  7
HOUSE_UNICODE
 45
1.2
 90
3
 63
0
  0
LINE
  5
13F
330
17
100
AcDbEntity
  8
D-STR-WALL
100
AcDbLine
 10
5435.0
 20
30.0
 30
0.0
 11
5315.0
 21
30.0
 31
0.0
  0
LINE
  5
140
330
17
100
AcDbEntity
  8
D-STR-WALL
100
AcDbLine
 10
5315.0
 20
30.0
 30
0.0
 11
5315.0
 21
150.0
 31
0.0
  0
LINE
  5
141
330
17
100
AcDbEntity
  8
D-STR-WALL
100
AcDbLine
 10
5315.0
 20
150.0
 30
0.0
 11
5435.0
 21
150.0
 31
0.0
  0
LINE
  5
142
330
17
100
AcDbEntity
  8
D-STR-WALL
100
AcDbLine
 10
5435.0
 20
150.0
 30
0.0
 11
5435.0
 21
30.0
 31
0.0
  0
MTEXT
  5
143
330
17
100
AcDbEntity
  8
D-STR-TXT
100
AcDbMText
 10
5375.0
 20
-220.0
 30
0.0
 40
100.0
 41
213.447265625
 71
5
  1
C03
  7
HOUSE_UNICODE
 45
1.2
 90
3
 63
0
  0
LINE
  5
144
330
17
100
AcDbEntity
  8
D-STR-WALL
100
AcDbLine
 10
4600.0
 20
30.0
 30
0.0
 11
4480.0
 21
30.0
 31
0.0
  0
LINE
  5
145
330
17
100
AcDbEntity
  8
D-STR-WALL
100
AcDbLine
 10
4480.0
 20
30.0
 30
0.0
 11
4480.0
 21
150.0
 31
0.0
  0
LINE
  5
146
330
17
100
AcDbEntity
  8
D-STR-WALL
100
AcDbLine
 10
4480.0
 20
150.0
 30
0.0
 11
4600.0
 21
150.0
 31
0.0
  0
LINE
  5
147
330
17
100
AcDbEntity
  8
D-STR-WALL
100
AcDbLine
 10
4600.0
 20
150.0
 30
0.0
 11
4600.0
 21
30.0
 31
0.0
  0
MTEXT
  5
148
330
17
100
AcDbEntity
  8
D-STR-TXT
100
AcDbMText
 10
4540.0
 20
-220.0
 30
0.0
 40
100.0
 41
213.447265625
 71
5
  1
C04
  7
HOUSE_UNICODE
 45
1.2
 90
3
 63
0
  0
LINE
  5
149
330
17
100
AcDbEntity
  8
D-STR-WALL
100
AcDbLine
 10
3710.0
 20
30.0
 30
0.0
 11
3590.0
 21
30.0
 31
0.0
  0
LINE
  5
14A
330
17
100
AcDbEntity
  8
D-STR-WALL
100
AcDbLine
 10
3590.0
 20
30.0
 30
0.0
 11
3590.0
 21
150.0
 31
0.0
  0
LINE
  5
14B
330
17
100
AcDbEntity
  8
D-STR-WALL
100
AcDbLine
 10
3590.0
 20
150.0
 30
0.0
 11
3710.0
 21
150.0
 31
0.0
  0
LINE
  5
14C
330
17
100
AcDbEntity
  8
D-STR-WALL
100
AcDbLine
 10
3710.0
 20
150.0
 30
0.0
 11
3710.0
 21
30.0
 31
0.0
  0
MTEXT
  5
14D
330
17
100
AcDbEntity
  8
D-STR-TXT
100
AcDbMText
 10
3650.0
 20
-220.0
 30
0.0
 40
100.0
 41
213.447265625
 71
5
  1
C05
  7
HOUSE_UNICODE
 45
1.2
 90
3
 63
0
  0
LINE
  5
14E
330
17
100
AcDbEntity
  8
D-STR-WALL
100
AcDbLine
 10
3115.0
 20
30.0
 30
0.0
 11
2995.0
 21
30.0
 31
0.0
  0
LINE
  5
14F
330
17
100
AcDbEntity
  8
D-STR-WALL
100
AcDbLine
 10
2995.0
 20
30.0
 30
0.0
 11
2995.0
 21
150.0
 31
0.0
  0
LINE
  5
150
330
17
100
AcDbEntity
  8
D-STR-WALL
100
AcDbLine
 10
2995.0
 20
150.0
 30
0.0
 11
3115.0
 21
150.0
 31
0.0
  0
LINE
  5
151
330
17
100
AcDbEntity
  8
D-STR-WALL
100
AcDbLine
 10
3115.0
 20
150.0
 30
0.0
 11
3115.0
 21
30.0
 31
0.0
  0
MTEXT
  5
152
330
17
100
AcDbEntity
  8
D-STR-TXT
100
AcDbMText
 10
3055.0
 20
-220.0
 30
0.0
 40
100.0
 41
213.447265625
 71
5
  1
C06
  7
HOUSE_UNICODE
 45
1.2
 90
3
 63
0
  0
LINE
  5
153
330
17
100
AcDbEntity
  8
D-STR-WALL
100
AcDbLine
 10
975.0
 20
30.0
 30
0.0
 11
855.0
 21
30.0
 31
0.0
  0
LINE
  5
154
330
17
100
AcDbEntity
  8
D-STR-WALL
100
AcDbLine
 10
855.0
 20
30.0
 30
0.0
 11
855.0
 21
150.0
 31
0.0
  0
LINE
  5
155
330
17
100
AcDbEntity
  8
D-STR-WALL
100
AcDbLine
 10
855.0
 20
150.0
 30
0.0
 11
975.0
 21
150.0
 31
0.0
  0
LINE
  5
156
330
17
100
AcDbEntity
  8
D-STR-WALL
100
AcDbLine
 10
975.0
 20
150.0
 30
0.0
 11
975.0
 21
30.0
 31
0.0
  0
MTEXT
  5
157
330
17
100
AcDbEntity
  8
D-STR-TXT
100
AcDbMText
 10
915.0
 20
-220.0
 30
0.0
 40
100.0
 41
213.447265625
 71
5
  1
C07
  7
HOUSE_UNICODE
 45
1.2
 90
3
 63
0
  0
LINE
  5
158
330
17
100
AcDbEntity
  8
D-STR-WALL
100
AcDbLine
 10
150.0
 20
30.0
 30
0.0
 11
30.0
 21
30.0
 31
0.0
  0
LINE
  5
159
330
17
100
AcDbEntity
  8
D-STR-WALL
100
AcDbLine
 10
30.0
 20
30.0
 30
0.0
 11
30.0
 21
150.0
 31
0.0
  0
LINE
  5
15A
330
17
100
AcDbEntity
  8
D-STR-WALL
100
AcDbLine
 10
30.0
 20
150.0
 30
0.0
 11
150.0
 21
150.0
 31
0.0
  0
LINE
  5
15B
330
17
100
AcDbEntity
  8
D-STR-WALL
100
AcDbLine
 10
150.0
 20
150.0
 30
0.0
 11
150.0
 21
30.0
 31
0.0
  0
MTEXT
  5
15C
330
17
100
AcDbEntity
  8
D-STR-TXT
100
AcDbMText
 10
320.0
 20
-220.0
 30
0.0
 40
100.0
 41
213.447265625
 71
5
  1
C08
  7
HOUSE_UNICODE
 45
1.2
 90
3
 63
0
  0
LINE
  5
15D
330
17
100
AcDbEntity
  8
D-STR-WALL
100
AcDbLine
 10
8160.0
 20
7130.0
 30
0.0
 11
8040.0
 21
7130.0
 31
0.0
  0
LINE
  5
15E
330
17
100
AcDbEntity
  8
D-STR-WALL
100
AcDbLine
 10
8040.0
 20
7130.0
 30
0.0
 11
8040.0
 21
7250.0
 31
0.0
  0
LINE
  5
15F
330
17
100
AcDbEntity
  8
D-STR-WALL
100
AcDbLine
 10
8040.0
 20
7250.0
 30
0.0
 11
8160.0
 21
7250.0
 31
0.0
  0
LINE
  5
160
330
17
100
AcDbEntity
  8
D-STR-WALL
100
AcDbLine
 10
8160.0
 20
7250.0
 30
0.0
 11
8160.0
 21
7130.0
 31
0.0
  0
MTEXT
  5
161
330
17
100
AcDbEntity
  8
D-STR-TXT
100
AcDbMText
 10
7870.0
 20
7510.0
 30
0.0
 40
100.0
 41
213.447265625
 71
5
  1
C09
  7
HOUSE_UNICODE
 45
1.2
 90
3
 63
0
  0
LINE
  5
162
330
17
100
AcDbEntity
  8
D-STR-WALL
100
AcDbLine
 10
7665.0
 20
7130.0
 30
0.0
 11
7545.0
 21
7130.0
 31
0.0
  0
LINE
  5
163
330
17
100
AcDbEntity
  8
D-STR-WALL
100
AcDbLine
 10
7545.0
 20
7130.0
 30
0.0
 11
7545.0
 21
7250.0
 31
0.0
  0
LINE
  5
164
330
17
100
AcDbEntity
  8
D-STR-WALL
100
AcDbLine
 10
7545.0
 20
7250.0
 30
0.0
 11
7665.0
 21
7250.0
 31
0.0
  0
LINE
  5
165
330
17
100
AcDbEntity
  8
D-STR-WALL
100
AcDbLine
 10
7665.0
 20
7250.0
 30
0.0
 11
7665.0
 21
7130.0
 31
0.0
  0
MTEXT
  5
166
330
17
100
AcDbEntity
  8
D-STR-TXT
100
AcDbMText
 10
7605.0
 20
7510.0
 30
0.0
 40
100.0
 41
213.447265625
 71
5
  1
C10
  7
HOUSE_UNICODE
 45
1.2
 90
3
 63
0
  0
LINE
  5
167
330
17
100
AcDbEntity
  8
D-STR-WALL
100
AcDbLine
 10
6885.0
 20
7130.0
 30
0.0
 11
6765.0
 21
7130.0
 31
0.0
  0
LINE
  5
168
330
17
100
AcDbEntity
  8
D-STR-WALL
100
AcDbLine
 10
6765.0
 20
7130.0
 30
0.0
 11
6765.0
 21
7250.0
 31
0.0
  0
LINE
  5
169
330
17
100
AcDbEntity
  8
D-STR-WALL
100
AcDbLine
 10
6765.0
 20
7250.0
 30
0.0
 11
6885.0
 21
7250.0
 31
0.0
  0
LINE
  5
16A
330
17
100
AcDbEntity
  8
D-STR-WALL
100
AcDbLine
 10
6885.0
 20
7250.0
 30
0.0
 11
6885.0
 21
7130.0
 31
0.0
  0
MTEXT
  5
16B
330
17
100
AcDbEntity
  8
D-STR-TXT
100
AcDbMText
 10
6825.0
 20
7510.0
 30
0.0
 40
100.0
 41
213.447265625
 71
5
  1
C11
  7
HOUSE_UNICODE
 45
1.2
 90
3
 63
0
  0
LINE
  5
16C
330
17
100
AcDbEntity
  8
D-STR-WALL
100
AcDbLine
 10
6380.0
 20
7130.0
 30
0.0
 11
6260.0
 21
7130.0
 31
0.0
  0
LINE
  5
16D
330
17
100
AcDbEntity
  8
D-STR-WALL
100
AcDbLine
 10
6260.0
 20
7130.0
 30
0.0
 11
6260.0
 21
7250.0
 31
0.0
  0
LINE
  5
16E
330
17
100
AcDbEntity
  8
D-STR-WALL
100
AcDbLine
 10
6260.0
 20
7250.0
 30
0.0
 11
6380.0
 21
7250.0
 31
0.0
  0
LINE
  5
16F
330
17
100
AcDbEntity
  8
D-STR-WALL
100
AcDbLine
 10
6380.0
 20
7250.0
 30
0.0
 11
6380.0
 21
7130.0
 31
0.0
  0
MTEXT
  5
170
330
17
100
AcDbEntity
  8
D-STR-TXT
100
AcDbMText
 10
6320.0
 20
7510.0
 30
0.0
 40
100.0
 41
213.447265625
 71
5
  1
C12
  7
HOUSE_UNICODE
 45
1.2
 90
3
 63
0
  0
LINE
  5
171
330
17
100
AcDbEntity
  8
D-STR-WALL
100
AcDbLine
 10
5490.0
 20
7130.0
 30
0.0
 11
5370.0
 21
7130.0
 31
0.0
  0
LINE
  5
172
330
17
100
AcDbEntity
  8
D-STR-WALL
100
AcDbLine
 10
5370.0
 20
7130.0
 30
0.0
 11
5370.0
 21
7250.0
 31
0.0
  0
LINE
  5
173
330
17
100
AcDbEntity
  8
D-STR-WALL
100
AcDbLine
 10
5370.0
 20
7250.0
 30
0.0
 11
5490.0
 21
7250.0
 31
0.0
  0
LINE
  5
174
330
17
100
AcDbEntity
  8
D-STR-WALL
100
AcDbLine
 10
5490.0
 20
7250.0
 30
0.0
 11
5490.0
 21
7130.0
 31
0.0
  0
MTEXT
  5
175
330
17
100
AcDbEntity
  8
D-STR-TXT
100
AcDbMText
 10
5430.0
 20
7510.0
 30
0.0
 40
100.0
 41
213.447265625
 71
5
  1
C13
  7
HOUSE_UNICODE
 45
1.2
 90
3
 63
0
  0
LINE
  5
176
330
17
100
AcDbEntity
  8
D-STR-WALL
100
AcDbLine
 10
5315.0
 20
7130.0
 30
0.0
 11
5195.0
 21
7130.0
 31
0.0
  0
LINE
  5
177
330
17
100
AcDbEntity
  8
D-STR-WALL
100
AcDbLine
 10
5195.0
 20
7130.0
 30
0.0
 11
5195.0
 21
7250.0
 31
0.0
  0
LINE
  5
178
330
17
100
AcDbEntity
  8
D-STR-WALL
100
AcDbLine
 10
5195.0
 20
7250.0
 30
0.0
 11
5315.0
 21
7250.0
 31
0.0
  0
LINE
  5
179
330
17
100
AcDbEntity
  8
D-STR-WALL
100
AcDbLine
 10
5315.0
 20
7250.0
 30
0.0
 11
5315.0
 21
7130.0
 31
0.0
  0
MTEXT
  5
17A
330
17
100
AcDbEntity
  8
D-STR-TXT
100
AcDbMText
 10
5255.0
 20
7730.0
 30
0.0
 40
100.0
 41
213.447265625
 71
5
  1
C14
  7
HOUSE_UNICODE
 45
1.2
 90
3
 63
0
  0
LINE
  5
17B
330
17
100
AcDbEntity
  8
D-STR-WALL
100
AcDbLine
 10
4285.0
 20
7130.0
 30
0.0
 11
4165.0
 21
7130.0
 31
0.0
  0
LINE
  5
17C
330
17
100
AcDbEntity
  8
D-STR-WALL
100
AcDbLine
 10
4165.0
 20
7130.0
 30
0.0
 11
4165.0
 21
7250.0
 31
0.0
  0
LINE
  5
17D
330
17
100
AcDbEntity
  8
D-STR-WALL
100
AcDbLine
 10
4165.0
 20
7250.0
 30
0.0
 11
4285.0
 21
7250.0
 31
0.0
  0
LINE
  5
17E
330
17
100
AcDbEntity
  8
D-STR-WALL
100
AcDbLine
 10
4285.0
 20
7250.0
 30
0.0
 11
4285.0
 21
7130.0
 31
0.0
  0
MTEXT
  5
17F
330
17
100
AcDbEntity
  8
D-STR-TXT
100
AcDbMText
 10
4225.0
 20
7510.0
 30
0.0
 40
100.0
 41
213.447265625
 71
5
  1
C15
  7
HOUSE_UNICODE
 45
1.2
 90
3
 63
0
  0
LINE
  5
180
330
17
100
AcDbEntity
  8
D-STR-WALL
100
AcDbLine
 10
3710.0
 20
7130.0
 30
0.0
 11
3590.0
 21
7130.0
 31
0.0
  0
LINE
  5
181
330
17
100
AcDbEntity
  8
D-STR-WALL
100
AcDbLine
 10
3590.0
 20
7130.0
 30
0.0
 11
3590.0
 21
7250.0
 31
0.0
  0
LINE
  5
182
330
17
100
AcDbEntity
  8
D-STR-WALL
100
AcDbLine
 10
3590.0
 20
7250.0
 30
0.0
 11
3710.0
 21
7250.0
 31
0.0
  0
LINE
  5
183
330
17
100
AcDbEntity
  8
D-STR-WALL
100
AcDbLine
 10
3710.0
 20
7250.0
 30
0.0
 11
3710.0
 21
7130.0
 31
0.0
  0
MTEXT
  5
184
330
17
100
AcDbEntity
  8
D-STR-TXT
100
AcDbMText
 10
3650.0
 20
7510.0
 30
0.0
 40
100.0
 41
213.447265625
 71
5
  1
C16
  7
HOUSE_UNICODE
 45
1.2
 90
3
 63
0
  0
LINE
  5
185
330
17
100
AcDbEntity
  8
D-STR-WALL
100
AcDbLine
 10
2985.0
 20
7130.0
 30
0.0
 11
2865.0
 21
7130.0
 31
0.0
  0
LINE
  5
186
330
17
100
AcDbEntity
  8
D-STR-WALL
100
AcDbLine
 10
2865.0
 20
7130.0
 30
0.0
 11
2865.0
 21
7250.0
 31
0.0
  0
LINE
  5
187
330
17
100
AcDbEntity
  8
D-STR-WALL
100
AcDbLine
 10
2865.0
 20
7250.0
 30
0.0
 11
2985.0
 21
7250.0
 31
0.0
  0
LINE
  5
188
330
17
100
AcDbEntity
  8
D-STR-WALL
100
AcDbLine
 10
2985.0
 20
7250.0
 30
0.0
 11
2985.0
 21
7130.0
 31
0.0
  0
MTEXT
  5
189
330
17
100
AcDbEntity
  8
D-STR-TXT
100
AcDbMText
 10
2925.0
 20
7510.0
 30
0.0
 40
100.0
 41
213.447265625
 71
5
  1
C17
  7
HOUSE_UNICODE
 45
1.2
 90
3
 63
0
  0
LINE
  5
18A
330
17
100
AcDbEntity
  8
D-STR-WALL
100
AcDbLine
 10
2405.0
 20
7130.0
 30
0.0
 11
2285.0
 21
7130.0
 31
0.0
  0
LINE
  5
18B
330
17
100
AcDbEntity
  8
D-STR-WALL
100
AcDbLine
 10
2285.0
 20
7130.0
 30
0.0
 11
2285.0
 21
7250.0
 31
0.0
  0
LINE
  5
18C
330
17
100
AcDbEntity
  8
D-STR-WALL
100
AcDbLine
 10
2285.0
 20
7250.0
 30
0.0
 11
2405.0
 21
7250.0
 31
0.0
  0
LINE
  5
18D
330
17
100
AcDbEntity
  8
D-STR-WALL
100
AcDbLine
 10
2405.0
 20
7250.0
 30
0.0
 11
2405.0
 21
7130.0
 31
0.0
  0
MTEXT
  5
18E
330
17
100
AcDbEntity
  8
D-STR-TXT
100
AcDbMText
 10
2345.0
 20
7510.0
 30
0.0
 40
100.0
 41
213.447265625
 71
5
  1
C18
  7
HOUSE_UNICODE
 45
1.2
 90
3
 63
0
  0
LINE
  5
18F
330
17
100
AcDbEntity
  8
D-STR-WALL
100
AcDbLine
 10
1930.0
 20
7130.0
 30
0.0
 11
1810.0
 21
7130.0
 31
0.0
  0
LINE
  5
190
330
17
100
AcDbEntity
  8
D-STR-WALL
100
AcDbLine
 10
1810.0
 20
7130.0
 30
0.0
 11
1810.0
 21
7250.0
 31
0.0
  0
LINE
  5
191
330
17
100
AcDbEntity
  8
D-STR-WALL
100
AcDbLine
 10
1810.0
 20
7250.0
 30
0.0
 11
1930.0
 21
7250.0
 31
0.0
  0
LINE
  5
192
330
17
100
AcDbEntity
  8
D-STR-WALL
100
AcDbLine
 10
1930.0
 20
7250.0
 30
0.0
 11
1930.0
 21
7130.0
 31
0.0
  0
MTEXT
  5
193
330
17
100
AcDbEntity
  8
D-STR-TXT
100
AcDbMText
 10
1870.0
 20
7510.0
 30
0.0
 40
100.0
 41
213.447265625
 71
5
  1
C19
  7
HOUSE_UNICODE
 45
1.2
 90
3
 63
0
  0
LINE
  5
194
330
17
100
AcDbEntity
  8
D-STR-WALL
100
AcDbLine
 10
1040.0
 20
7130.0
 30
0.0
 11
920.0
 21
7130.0
 31
0.0
  0
LINE
  5
195
330
17
100
AcDbEntity
  8
D-STR-WALL
100
AcDbLine
 10
920.0
 20
7130.0
 30
0.0
 11
920.0
 21
7250.0
 31
0.0
  0
LINE
  5
196
330
17
100
AcDbEntity
  8
D-STR-WALL
100
AcDbLine
 10
920.0
 20
7250.0
 30
0.0
 11
1040.0
 21
7250.0
 31
0.0
  0
LINE
  5
197
330
17
100
AcDbEntity
  8
D-STR-WALL
100
AcDbLine
 10
1040.0
 20
7250.0
 30
0.0
 11
1040.0
 21
7130.0
 31
0.0
  0
MTEXT
  5
198
330
17
100
AcDbEntity
  8
D-STR-TXT
100
AcDbMText
 10
980.0
 20
7510.0
 30
0.0
 40
100.0
 41
213.447265625
 71
5
  1
C20
  7
HOUSE_UNICODE
 45
1.2
 90
3
 63
0
  0
LINE
  5
199
330
17
100
AcDbEntity
  8
D-STR-WALL
100
AcDbLine
 10
150.0
 20
7130.0
 30
0.0
 11
30.0
 21
7130.0
 31
0.0
  0
LINE
  5
19A
330
17
100
AcDbEntity
  8
D-STR-WALL
100
AcDbLine
 10
30.0
 20
7130.0
 30
0.0
 11
30.0
 21
7250.0
 31
0.0
  0
LINE
  5
19B
330
17
100
AcDbEntity
  8
D-STR-WALL
100
AcDbLine
 10
30.0
 20
7250.0
 30
0.0
 11
150.0
 21
7250.0
 31
0.0
  0
LINE
  5
19C
330
17
100
AcDbEntity
  8
D-STR-WALL
100
AcDbLine
 10
150.0
 20
7250.0
 30
0.0
 11
150.0
 21
7130.0
 31
0.0
  0
MTEXT
  5
19D
330
17
100
AcDbEntity
  8
D-STR-TXT
100
AcDbMText
 10
320.0
 20
7510.0
 30
0.0
 40
100.0
 41
213.447265625
 71
5
  1
C21
  7
HOUSE_UNICODE
 45
1.2
 90
3
 63
0
  0
LINE
  5
19E
330
17
100
AcDbEntity
  8
D-STR-WALL
100
AcDbLine
 10
8160.0
 20
575.0
 30
0.0
 11
8040.0
 21
575.0
 31
0.0
  0
LINE
  5
19F
330
17
100
AcDbEntity
  8
D-STR-WALL
100
AcDbLine
 10
8040.0
 20
575.0
 30
0.0
 11
8040.0
 21
695.0
 31
0.0
  0
LINE
  5
1A0
330
17
100
AcDbEntity
  8
D-STR-WALL
100
AcDbLine
 10
8040.0
 20
695.0
 30
0.0
 11
8160.0
 21
695.0
 31
0.0
  0
LINE
  5
1A1
330
17
100
AcDbEntity
  8
D-STR-WALL
100
AcDbLine
 10
8160.0
 20
695.0
 30
0.0
 11
8160.0
 21
575.0
 31
0.0
  0
MTEXT
  5
1A2
330
17
100
AcDbEntity
  8
D-STR-TXT
100
AcDbMText
 10
7870.0
 20
215.0
 30
0.0
 40
100.0
 41
213.447265625
 71
5
  1
C22
  7
HOUSE_UNICODE
 45
1.2
 90
3
 63
0
  0
LINE
  5
1A3
330
17
100
AcDbEntity
  8
D-STR-WALL
100
AcDbLine
 10
8160.0
 20
3505.0
 30
0.0
 11
8040.0
 21
3505.0
 31
0.0
  0
LINE
  5
1A4
330
17
100
AcDbEntity
  8
D-STR-WALL
100
AcDbLine
 10
8040.0
 20
3505.0
 30
0.0
 11
8040.0
 21
3625.0
 31
0.0
  0
LINE
  5
1A5
330
17
100
AcDbEntity
  8
D-STR-WALL
100
AcDbLine
 10
8040.0
 20
3625.0
 30
0.0
 11
8160.0
 21
3625.0
 31
0.0
  0
LINE
  5
1A6
330
17
100
AcDbEntity
  8
D-STR-WALL
100
AcDbLine
 10
8160.0
 20
3625.0
 30
0.0
 11
8160.0
 21
3505.0
 31
0.0
  0
MTEXT
  5
1A7
330
17
100
AcDbEntity
  8
D-STR-TXT
100
AcDbMText
 10
7870.0
 20
3765.0
 30
0.0
 40
100.0
 41
213.447265625
 71
5
  1
C23
  7
HOUSE_UNICODE
 45
1.2
 90
3
 63
0
  0
LINE
  5
1A8
330
17
100
AcDbEntity
  8
D-STR-WALL
100
AcDbLine
 10
8160.0
 20
4467.5
 30
0.0
 11
8040.0
 21
4467.5
 31
0.0
  0
LINE
  5
1A9
330
17
100
AcDbEntity
  8
D-STR-WALL
100
AcDbLine
 10
8040.0
 20
4467.5
 30
0.0
 11
8040.0
 21
4587.5
 31
0.0
  0
LINE
  5
1AA
330
17
100
AcDbEntity
  8
D-STR-WALL
100
AcDbLine
 10
8040.0
 20
4587.5
 30
0.0
 11
8160.0
 21
4587.5
 31
0.0
  0
LINE
  5
1AB
330
17
100
AcDbEntity
  8
D-STR-WALL
100
AcDbLine
 10
8160.0
 20
4587.5
 30
0.0
 11
8160.0
 21
4467.5
 31
0.0
  0
MTEXT
  5
1AC
330
17
100
AcDbEntity
  8
D-STR-TXT
100
AcDbMText
 10
7870.0
 20
4327.5
 30
0.0
 40
100.0
 41
213.447265625
 71
5
  1
C24
  7
HOUSE_UNICODE
 45
1.2
 90
3
 63
0
  0
LINE
  5
1AD
330
17
100
AcDbEntity
  8
D-STR-WALL
100
AcDbLine
 10
8160.0
 20
4875.0
 30
0.0
 11
8040.0
 21
4875.0
 31
0.0
  0
LINE
  5
1AE
330
17
100
AcDbEntity
  8
D-STR-WALL
100
AcDbLine
 10
8040.0
 20
4875.0
 30
0.0
 11
8040.0
 21
4995.0
 31
0.0
  0
LINE
  5
1AF
330
17
100
AcDbEntity
  8
D-STR-WALL
100
AcDbLine
 10
8040.0
 20
4995.0
 30
0.0
 11
8160.0
 21
4995.0
 31
0.0
  0
LINE
  5
1B0
330
17
100
AcDbEntity
  8
D-STR-WALL
100
AcDbLine
 10
8160.0
 20
4995.0
 30
0.0
 11
8160.0
 21
4875.0
 31
0.0
  0
MTEXT
  5
1B1
330
17
100
AcDbEntity
  8
D-STR-TXT
100
AcDbMText
 10
7870.0
 20
5135.0
 30
0.0
 40
100.0
 41
213.447265625
 71
5
  1
C25
  7
HOUSE_UNICODE
 45
1.2
 90
3
 63
0
  0
LINE
  5
1B2
330
17
100
AcDbEntity
  8
D-STR-WALL
100
AcDbLine
 10
8160.0
 20
6805.0
 30
0.0
 11
8040.0
 21
6805.0
 31
0.0
  0
LINE
  5
1B3
330
17
100
AcDbEntity
  8
D-STR-WALL
100
AcDbLine
 10
8040.0
 20
6805.0
 30
0.0
 11
8040.0
 21
6925.0
 31
0.0
  0
LINE
  5
1B4
330
17
100
AcDbEntity
  8
D-STR-WALL
100
AcDbLine
 10
8040.0
 20
6925.0
 30
0.0
 11
8160.0
 21
6925.0
 31
0.0
  0
LINE
  5
1B5
330
17
100
AcDbEntity
  8
D-STR-WALL
100
AcDbLine
 10
8160.0
 20
6925.0
 30
0.0
 11
8160.0
 21
6805.0
 31
0.0
  0
MTEXT
  5
1B6
330
17
100
AcDbEntity
  8
D-STR-TXT
100
AcDbMText
 10
7870.0
 20
6665.0
 30
0.0
 40
100.0
 41
213.447265625
 71
5
  1
C26
  7
HOUSE_UNICODE
 45
1.2
 90
3
 63
0
  0
LINE
  5
1B7
330
17
100
AcDbEntity
  8
D-STR-WALL
100
AcDbLine
 10
150.0
 20
917.5
 30
0.0
 11
30.0
 21
917.5
 31
0.0
  0
LINE
  5
1B8
330
17
100
AcDbEntity
  8
D-STR-WALL
100
AcDbLine
 10
30.0
 20
917.5
 30
0.0
 11
30.0
 21
1037.5
 31
0.0
  0
LINE
  5
1B9
330
17
100
AcDbEntity
  8
D-STR-WALL
100
AcDbLine
 10
30.0
 20
1037.5
 30
0.0
 11
150.0
 21
1037.5
 31
0.0
  0
LINE
  5
1BA
330
17
100
AcDbEntity
  8
D-STR-WALL
100
AcDbLine
 10
150.0
 20
1037.5
 30
0.0
 11
150.0
 21
917.5
 31
0.0
  0
MTEXT
  5
1BB
330
17
100
AcDbEntity
  8
D-STR-TXT
100
AcDbMText
 10
320.0
 20
1177.5
 30
0.0
 40
100.0
 41
213.447265625
 71
5
  1
C27
  7
HOUSE_UNICODE
 45
1.2
 90
3
 63
0
  0
LINE
  5
1BC
330
17
100
AcDbEntity
  8
D-STR-WALL
100
AcDbLine
 10
150.0
 20
1805.0
 30
0.0
 11
30.0
 21
1805.0
 31
0.0
  0
LINE
  5
1BD
330
17
100
AcDbEntity
  8
D-STR-WALL
100
AcDbLine
 10
30.0
 20
1805.0
 30
0.0
 11
30.0
 21
1925.0
 31
0.0
  0
LINE
  5
1BE
330
17
100
AcDbEntity
  8
D-STR-WALL
100
AcDbLine
 10
30.0
 20
1925.0
 30
0.0
 11
150.0
 21
1925.0
 31
0.0
  0
LINE
  5
1BF
330
17
100
AcDbEntity
  8
D-STR-WALL
100
AcDbLine
 10
150.0
 20
1925.0
 30
0.0
 11
150.0
 21
1805.0
 31
0.0
  0
MTEXT
  5
1C0
330
17
100
AcDbEntity
  8
D-STR-TXT
100
AcDbMText
 10
320.0
 20
1665.0
 30
0.0
 40
100.0
 41
213.447265625
 71
5
  1
C28
  7
HOUSE_UNICODE
 45
1.2
 90
3
 63
0
  0
LINE
  5
1C1
330
17
100
AcDbEntity
  8
D-STR-WALL
100
AcDbLine
 10
150.0
 20
2692.5
 30
0.0
 11
30.0
 21
2692.5
 31
0.0
  0
LINE
  5
1C2
330
17
100
AcDbEntity
  8
D-STR-WALL
100
AcDbLine
 10
30.0
 20
2692.5
 30
0.0
 11
30.0
 21
2812.5
 31
0.0
  0
LINE
  5
1C3
330
17
100
AcDbEntity
  8
D-STR-WALL
100
AcDbLine
 10
30.0
 20
2812.5
 30
0.0
 11
150.0
 21
2812.5
 31
0.0
  0
LINE
  5
1C4
330
17
100
AcDbEntity
  8
D-STR-WALL
100
AcDbLine
 10
150.0
 20
2812.5
 30
0.0
 11
150.0
 21
2692.5
 31
0.0
  0
MTEXT
  5
1C5
330
17
100
AcDbEntity
  8
D-STR-TXT
100
AcDbMText
 10
320.0
 20
2952.5
 30
0.0
 40
100.0
 41
213.447265625
 71
5
  1
C29
  7
HOUSE_UNICODE
 45
1.2
 90
3
 63
0
  0
LINE
  5
1C6
330
17
100
AcDbEntity
  8
D-STR-WALL
100
AcDbLine
 10
150.0
 20
3580.0
 30
0.0
 11
30.0
 21
3580.0
 31
0.0
  0
LINE
  5
1C7
330
17
100
AcDbEntity
  8
D-STR-WALL
100
AcDbLine
 10
30.0
 20
3580.0
 30
0.0
 11
30.0
 21
3700.0
 31
0.0
  0
LINE
  5
1C8
330
17
100
AcDbEntity
  8
D-STR-WALL
100
AcDbLine
 10
30.0
 20
3700.0
 30
0.0
 11
150.0
 21
3700.0
 31
0.0
  0
LINE
  5
1C9
330
17
100
AcDbEntity
  8
D-STR-WALL
100
AcDbLine
 10
150.0
 20
3700.0
 30
0.0
 11
150.0
 21
3580.0
 31
0.0
  0
MTEXT
  5
1CA
330
17
100
AcDbEntity
  8
D-STR-TXT
100
AcDbMText
 10
320.0
 20
3440.0
 30
0.0
 40
100.0
 41
213.447265625
 71
5
  1
C30
  7
HOUSE_UNICODE
 45
1.2
 90
3
 63
0
  0
LINE
  5
1CB
330
17
100
AcDbEntity
  8
D-STR-WALL
100
AcDbLine
 10
150.0
 20
4467.5
 30
0.0
 11
30.0
 21
4467.5
 31
0.0
  0
LINE
  5
1CC
330
17
100
AcDbEntity
  8
D-STR-WALL
100
AcDbLine
 10
30.0
 20
4467.5
 30
0.0
 11
30.0
 21
4587.5
 31
0.0
  0
LINE
  5
1CD
330
17
100
AcDbEntity
  8
D-STR-WALL
100
AcDbLine
 10
30.0
 20
4587.5
 30
0.0
 11
150.0
 21
4587.5
 31
0.0
  0
LINE
  5
1CE
330
17
100
AcDbEntity
  8
D-STR-WALL
100
AcDbLine
 10
150.0
 20
4587.5
 30
0.0
 11
150.0
 21
4467.5
 31
0.0
  0
MTEXT
  5
1CF
330
17
100
AcDbEntity
  8
D-STR-TXT
100
AcDbMText
 10
320.0
 20
4727.5
 30
0.0
 40
100.0
 41
213.447265625
 71
5
  1
C31
  7
HOUSE_UNICODE
 45
1.2
 90
3
 63
0
  0
LINE
  5
1D0
330
17
100
AcDbEntity
  8
D-STR-WALL
100
AcDbLine
 10
150.0
 20
5355.0
 30
0.0
 11
30.0
 21
5355.0
 31
0.0
  0
LINE
  5
1D1
330
17
100
AcDbEntity
  8
D-STR-WALL
100
AcDbLine
 10
30.0
 20
5355.0
 30
0.0
 11
30.0
 21
5475.0
 31
0.0
  0
LINE
  5
1D2
330
17
100
AcDbEntity
  8
D-STR-WALL
100
AcDbLine
 10
30.0
 20
5475.0
 30
0.0
 11
150.0
 21
5475.0
 31
0.0
  0
LINE
  5
1D3
330
17
100
AcDbEntity
  8
D-STR-WALL
100
AcDbLine
 10
150.0
 20
5475.0
 30
0.0
 11
150.0
 21
5355.0
 31
0.0
  0
MTEXT
  5
1D4
330
17
100
AcDbEntity
  8
D-STR-TXT
100
AcDbMText
 10
320.0
 20
5215.0
 30
0.0
 40
100.0
 41
213.447265625
 71
5
  1
C32
  7
HOUSE_UNICODE
 45
1.2
 90
3
 63
0
  0
LINE
  5
1D5
330
17
100
AcDbEntity
  8
D-STR-WALL
100
AcDbLine
 10
150.0
 20
6075.0
 30
0.0
 11
30.0
 21
6075.0
 31
0.0
  0
LINE
  5
1D6
330
17
100
AcDbEntity
  8
D-STR-WALL
100
AcDbLine
 10
30.0
 20
6075.0
 30
0.0
 11
30.0
 21
6195.0
 31
0.0
  0
LINE
  5
1D7
330
17
100
AcDbEntity
  8
D-STR-WALL
100
AcDbLine
 10
30.0
 20
6195.0
 30
0.0
 11
150.0
 21
6195.0
 31
0.0
  0
LINE
  5
1D8
330
17
100
AcDbEntity
  8
D-STR-WALL
100
AcDbLine
 10
150.0
 20
6195.0
 30
0.0
 11
150.0
 21
6075.0
 31
0.0
  0
MTEXT
  5
1D9
330
17
100
AcDbEntity
  8
D-STR-TXT
100
AcDbMText
 10
320.0
 20
6335.0
 30
0.0
 40
100.0
 41
213.447265625
 71
5
  1
C33
  7
HOUSE_UNICODE
 45
1.2
 90
3
 63
0
  0
LINE
  5
1DA
330
17
100
AcDbEntity
  8
D-STR-WALL
100
AcDbLine
 10
150.0
 20
6805.0
 30
0.0
 11
30.0
 21
6805.0
 31
0.0
  0
LINE
  5
1DB
330
17
100
AcDbEntity
  8
D-STR-WALL
100
AcDbLine
 10
30.0
 20
6805.0
 30
0.0
 11
30.0
 21
6925.0
 31
0.0
  0
LINE
  5
1DC
330
17
100
AcDbEntity
  8
D-STR-WALL
100
AcDbLine
 10
30.0
 20
6925.0
 30
0.0
 11
150.0
 21
6925.0
 31
0.0
  0
LINE
  5
1DD
330
17
100
AcDbEntity
  8
D-STR-WALL
100
AcDbLine
 10
150.0
 20
6925.0
 30
0.0
 11
150.0
 21
6805.0
 31
0.0
  0
MTEXT
  5
1DE
330
17
100
AcDbEntity
  8
D-STR-TXT
100
AcDbMText
 10
320.0
 20
6665.0
 30
0.0
 40
100.0
 41
213.447265625
 71
5
  1
C34
  7
HOUSE_UNICODE
 45
1.2
 90
3
 63
0
  0
LINE
  5
1DF
330
17
100
AcDbEntity
  8
D-STR-WALL
100
AcDbLine
 10
3175.0
 20
5325.0
 30
0.0
 11
3085.0
 21
5325.0
 31
0.0
  0
LINE
  5
1E0
330
17
100
AcDbEntity
  8
D-STR-WALL
100
AcDbLine
 10
3085.0
 20
5325.0
 30
0.0
 11
3085.0
 21
5415.0
 31
0.0
  0
LINE
  5
1E1
330
17
100
AcDbEntity
  8
D-STR-WALL
100
AcDbLine
 10
3085.0
 20
5415.0
 30
0.0
 11
3175.0
 21
5415.0
 31
0.0
  0
LINE
  5
1E2
330
17
100
AcDbEntity
  8
D-STR-WALL
100
AcDbLine
 10
3175.0
 20
5415.0
 30
0.0
 11
3175.0
 21
5325.0
 31
0.0
  0
MTEXT
  5
1E3
330
17
100
AcDbEntity
  8
D-STR-TXT
100
AcDbMText
 10
3130.0
 20
5570.0
 30
0.0
 40
100.0
 41
213.447265625
 71
5
  1
C35
  7
HOUSE_UNICODE
 45
1.2
 90
3
 63
0
  0
LINE
  5
1E4
330
17
100
AcDbEntity
  8
D-STR-WALL
100
AcDbLine
 10
3175.0
 20
6235.0
 30
0.0
 11
3085.0
 21
6235.0
 31
0.0
  0
LINE
  5
1E5
330
17
100
AcDbEntity
  8
D-STR-WALL
100
AcDbLine
 10
3085.0
 20
6235.0
 30
0.0
 11
3085.0
 21
6325.0
 31
0.0
  0
LINE
  5
1E6
330
17
100
AcDbEntity
  8
D-STR-WALL
100
AcDbLine
 10
3085.0
 20
6325.0
 30
0.0
 11
3175.0
 21
6325.0
 31
0.0
  0
LINE
  5
1E7
330
17
100
AcDbEntity
  8
D-STR-WALL
100
AcDbLine
 10
3175.0
 20
6325.0
 30
0.0
 11
3175.0
 21
6235.0
 31
0.0
  0
MTEXT
  5
1E8
330
17
100
AcDbEntity
  8
D-STR-TXT
100
AcDbMText
 10
3130.0
 20
6080.0
 30
0.0
 40
100.0
 41
213.447265625
 71
5
  1
C36
  7
HOUSE_UNICODE
 45
1.2
 90
3
 63
0
  0
LINE
  5
1E9
330
17
100
AcDbEntity
  8
D-STR-WALL
100
AcDbLine
 10
3190.0
 20
7130.0
 30
0.0
 11
3070.0
 21
7130.0
 31
0.0
  0
LINE
  5
1EA
330
17
100
AcDbEntity
  8
D-STR-WALL
100
AcDbLine
 10
3070.0
 20
7130.0
 30
0.0
 11
3070.0
 21
7250.0
 31
0.0
  0
LINE
  5
1EB
330
17
100
AcDbEntity
  8
D-STR-WALL
100
AcDbLine
 10
3070.0
 20
7250.0
 30
0.0
 11
3190.0
 21
7250.0
 31
0.0
  0
LINE
  5
1EC
330
17
100
AcDbEntity
  8
D-STR-WALL
100
AcDbLine
 10
3190.0
 20
7250.0
 30
0.0
 11
3190.0
 21
7130.0
 31
0.0
  0
MTEXT
  5
1ED
330
17
100
AcDbEntity
  8
D-STR-TXT
100
AcDbMText
 10
3130.0
 20
7730.0
 30
0.0
 40
100.0
 41
213.447265625
 71
5
  1
C37
  7
HOUSE_UNICODE
 45
1.2
 90
3
 63
0
  0
LINE
  5
1EE
330
17
100
AcDbEntity
  8
D-STR-WALL
100
AcDbLine
 10
2175.0
 20
4415.0
 30
0.0
 11
2085.0
 21
4415.0
 31
0.0
  0
LINE
  5
1EF
330
17
100
AcDbEntity
  8
D-STR-WALL
100
AcDbLine
 10
2085.0
 20
4415.0
 30
0.0
 11
2085.0
 21
4505.0
 31
0.0
  0
LINE
  5
1F0
330
17
100
AcDbEntity
  8
D-STR-WALL
100
AcDbLine
 10
2085.0
 20
4505.0
 30
0.0
 11
2175.0
 21
4505.0
 31
0.0
  0
LINE
  5
1F1
330
17
100
AcDbEntity
  8
D-STR-WALL
100
AcDbLine
 10
2175.0
 20
4505.0
 30
0.0
 11
2175.0
 21
4415.0
 31
0.0
  0
MTEXT
  5
1F2
330
17
100
AcDbEntity
  8
D-STR-TXT
100
AcDbMText
 10
2130.0
 20
4260.0
 30
0.0
 40
100.0
 41
213.447265625
 71
5
  1
C38
  7
HOUSE_UNICODE
 45
1.2
 90
3
 63
0
  0
LINE
  5
1F3
330
17
100
AcDbEntity
  8
D-STR-WALL
100
AcDbLine
 10
2175.0
 20
5325.0
 30
0.0
 11
2085.0
 21
5325.0
 31
0.0
  0
LINE
  5
1F4
330
17
100
AcDbEntity
  8
D-STR-WALL
100
AcDbLine
 10
2085.0
 20
5325.0
 30
0.0
 11
2085.0
 21
5415.0
 31
0.0
  0
LINE
  5
1F5
330
17
100
AcDbEntity
  8
D-STR-WALL
100
AcDbLine
 10
2085.0
 20
5415.0
 30
0.0
 11
2175.0
 21
5415.0
 31
0.0
  0
LINE
  5
1F6
330
17
100
AcDbEntity
  8
D-STR-WALL
100
AcDbLine
 10
2175.0
 20
5415.0
 30
0.0
 11
2175.0
 21
5325.0
 31
0.0
  0
MTEXT
  5
1F7
330
17
100
AcDbEntity
  8
D-STR-TXT
100
AcDbMText
 10
2130.0
 20
5570.0
 30
0.0
 40
100.0
 41
213.447265625
 71
5
  1
C39
  7
HOUSE_UNICODE
 45
1.2
 90
3
 63
0
  0
LINE
  5
1F8
330
17
100
AcDbEntity
  8
D-STR-WALL
100
AcDbLine
 10
2175.0
 20
6235.0
 30
0.0
 11
2085.0
 21
6235.0
 31
0.0
  0
LINE
  5
1F9
330
17
100
AcDbEntity
  8
D-STR-WALL
100
AcDbLine
 10
2085.0
 20
6235.0
 30
0.0
 11
2085.0
 21
6325.0
 31
0.0
  0
LINE
  5
1FA
330
17
100
AcDbEntity
  8
D-STR-WALL
100
AcDbLine
 10
2085.0
 20
6325.0
 30
0.0
 11
2175.0
 21
6325.0
 31
0.0
  0
LINE
  5
1FB
330
17
100
AcDbEntity
  8
D-STR-WALL
100
AcDbLine
 10
2175.0
 20
6325.0
 30
0.0
 11
2175.0
 21
6235.0
 31
0.0
  0
MTEXT
  5
1FC
330
17
100
AcDbEntity
  8
D-STR-TXT
100
AcDbMText
 10
2130.0
 20
6080.0
 30
0.0
 40
100.0
 41
213.447265625
 71
5
  1
C40
  7
HOUSE_UNICODE
 45
1.2
 90
3
 63
0
  0
LINE
  5
1FD
330
17
100
AcDbEntity
  8
D-STR-WALL
100
AcDbLine
 10
2190.0
 20
7130.0
 30
0.0
 11
2070.0
 21
7130.0
 31
0.0
  0
LINE
  5
1FE
330
17
100
AcDbEntity
  8
D-STR-WALL
100
AcDbLine
 10
2070.0
 20
7130.0
 30
0.0
 11
2070.0
 21
7250.0
 31
0.0
  0
LINE
  5
1FF
330
17
100
AcDbEntity
  8
D-STR-WALL
100
AcDbLine
 10
2070.0
 20
7250.0
 30
0.0
 11
2190.0
 21
7250.0
 31
0.0
  0
LINE
  5
200
330
17
100
AcDbEntity
  8
D-STR-WALL
100
AcDbLine
 10
2190.0
 20
7250.0
 30
0.0
 11
2190.0
 21
7130.0
 31
0.0
  0
MTEXT
  5
201
330
17
100
AcDbEntity
  8
D-STR-TXT
100
AcDbMText
 10
2130.0
 20
7730.0
 30
0.0
 40
100.0
 41
213.447265625
 71
5
  1
C41
  7
HOUSE_UNICODE
 45
1.2
 90
3
 63
0
  0
LINE
  5
202
330
17
100
AcDbEntity
  8
D-STR-WALL
100
AcDbLine
 10
1175.0
 20
4285.0
 30
0.0
 11
1085.0
 21
4285.0
 31
0.0
  0
LINE
  5
203
330
17
100
AcDbEntity
  8
D-STR-WALL
100
AcDbLine
 10
1085.0
 20
4285.0
 30
0.0
 11
1085.0
 21
4375.0
 31
0.0
  0
LINE
  5
204
330
17
100
AcDbEntity
  8
D-STR-WALL
100
AcDbLine
 10
1085.0
 20
4375.0
 30
0.0
 11
1175.0
 21
4375.0
 31
0.0
  0
LINE
  5
205
330
17
100
AcDbEntity
  8
D-STR-WALL
100
AcDbLine
 10
1175.0
 20
4375.0
 30
0.0
 11
1175.0
 21
4285.0
 31
0.0
  0
MTEXT
  5
206
330
17
100
AcDbEntity
  8
D-STR-TXT
100
AcDbMText
 10
1130.0
 20
4130.0
 30
0.0
 40
100.0
 41
213.447265625
 71
5
  1
C42
  7
HOUSE_UNICODE
 45
1.2
 90
3
 63
0
  0
DIMENSION
  5
207
330
17
100
AcDbEntity
  8
D-STR-DIM
100
AcDbDimension
280
0
  2
*D1
  3
EZDXF
 10
0.0
 20
8250.0
 30
0.0
 11
4095.0
 21
8387.5
 31
0.0
 70
32
 71
5
  1
<>
100
AcDbAlignedDimension
 13
0.0
 23
7280.0
 33
0.0
 14
8190.0
 24
7280.0
 34
0.0
 50
0.0
100
AcDbRotatedDimension
1001
ACAD
1000
DSTYLE
1002
{
1070
140
1040
125.0
1070
41
1040
100.0
1070
147
1040
75.0
1070
42
1040
75.0
1070
44
1040
75.0
1070
176
1070
7
1070
177
1070
7
1070
178
1070
7
1070
371
1070
13
1070
372
1070
13
1070
271
1070
0
1070
77
1070
1
1070
144
1040
1.0
1070
277
1070
2
1070
342
1005
0
1070
340
1005
8A
1002
}
  0
DIMENSION
  5
216
330
17
100
AcDbEntity
  8
D-STR-DIM
100
AcDbDimension
280
0
  2
*D2
  3
EZDXF
 10
8890.0
 20
0.0
 30
0.0
 11
8752.5
 21
3640.0
 31
0.0
 70
32
 71
5
  1
<>
100
AcDbAlignedDimension
 13
8190.0
 23
0.0
 33
0.0
 14
8190.0
 24
7280.0
 34
0.0
 50
90.0
100
AcDbRotatedDimension
1001
ACAD
1000
DSTYLE
1002
{
1070
140
1040
125.0
1070
41
1040
100.0
1070
147
1040
75.0
1070
42
1040
75.0
1070
44
1040
75.0
1070
176
1070
7
1070
177
1070
7
1070
178
1070
7
1070
371
1070
13
1070
372
1070
13
1070
271
1070
0
1070
77
1070
1
1070
144
1040
1.0
1070
277
1070
2
1070
342
1005
0
1070
340
1005
8A
1002
}
  0
TEXT
  5
225
330
17
100
AcDbEntity
  8
D-STR-TXT
100
AcDbText
 10
4550.0
 20
-650.0
 30
0.0
 40
100.0
  1
柱: 外周120角 / 内部90角 / 梁: 120・90・180 × H300
  7
HOUSE_UNICODE
 72
1
 11
4550.0
 21
-650.0
 31
0.0
100
AcDbText
 73
2
  0
TEXT
  5
226
330
17
100
AcDbEntity
  8
D-STR-TXT
100
AcDbText
 10
4550.0
 20
-950.0
 30
0.0
 40
100.0
  1
断面寸法はデモ入力。材種・等級・壁倍率・接合耐力は未設定。
  7
HOUSE_UNICODE
 72
1
 11
4550.0
 21
-950.0
 31
0.0
100
AcDbText
 73
2
  0
TEXT
  5
227
330
17
100
AcDbEntity
  8
D-STR-TXT
100
AcDbText
 10
13550.0
 20
9400.0
 30
0.0
 40
175.0
  1
02 2階 柱・梁・耐力壁候補 / 1:50
  7
HOUSE_UNICODE
 72
1
 11
13550.0
 21
9400.0
 31
0.0
100
AcDbText
 73
2
  0
LWPOLYLINE
  5
228
330
17
100
AcDbEntity
  8
D-BYP-FIXT
100
AcDbPolyline
 90
30
 70
1
 10
17090.0
 20
-1000.0
 10
17190.0
 20
-1000.0
 10
17190.0
 20
-900.0
 10
17190.0
 20
0.0
 10
17190.0
 20
700.0
 10
17010.0
 20
700.0
 10
17010.0
 20
180.0
 10
16540.0
 20
180.0
 10
16540.0
 20
0.0
 10
17090.0
 20
0.0
 10
17090.0
 20
-900.0
 10
9100.0
 20
-900.0
 10
9100.0
 20
0.0
 10
10190.0
 20
0.0
 10
10190.0
 20
180.0
 10
9180.0
 20
180.0
 10
9180.0
 20
3280.0
 10
10790.0
 20
3280.0
 10
10790.0
 20
3380.0
 10
9180.0
 20
3380.0
 10
9180.0
 20
4279.0
 10
9180.0
 20
4280.0
 10
9180.0
 20
4380.0
 10
9180.0
 20
4381.0
 10
9180.0
 20
6200.0
 10
9000.0
 20
6200.0
 10
9000.0
 20
0.0
 10
9000.0
 20
-900.0
 10
9000.0
 20
-1000.0
 10
9100.0
 20
-1000.0
  0
LWPOLYLINE
  5
229
330
17
100
AcDbEntity
  8
D-BYP-FIXT
100
AcDbPolyline
 90
12
 70
1
 10
17190.0
 20
5000.0
 10
17010.0
 20
5000.0
 10
17010.0
 20
4380.0
 10
13260.0
 20
4380.0
 10
13260.0
 20
4280.0
 10
13310.0
 20
4280.0
 10
13310.0
 20
4230.0
 10
13410.0
 20
4230.0
 10
13410.0
 20
4280.0
 10
17010.0
 20
4280.0
 10
17010.0
 20
1900.0
 10
17190.0
 20
1900.0
  0
LWPOLYLINE
  5
22A
330
17
100
AcDbEntity
  8
D-BYP-FIXT
100
AcDbPolyline
 90
6
 70
1
 10
17190.0
 20
7280.0
 10
16540.0
 20
7280.0
 10
16540.0
 20
7100.0
 10
17010.0
 20
7100.0
 10
17010.0
 20
6800.0
 10
17190.0
 20
6800.0
  0
LWPOLYLINE
  5
22B
330
17
100
AcDbEntity
  8
D-BYP-FIXT
100
AcDbPolyline
 90
16
 70
1
 10
11860.0
 20
7280.0
 10
11860.0
 20
7100.0
 10
12080.0
 20
7100.0
 10
12080.0
 20
5280.0
 10
11980.0
 20
5280.0
 10
11980.0
 20
5180.0
 10
12380.0
 20
5180.0
 10
12380.0
 20
4280.0
 10
12510.0
 20
4280.0
 10
12510.0
 20
4380.0
 10
12480.0
 20
4380.0
 10
12480.0
 20
5280.0
 10
12180.0
 20
5280.0
 10
12180.0
 20
7100.0
 10
15940.0
 20
7100.0
 10
15940.0
 20
7280.0
  0
LWPOLYLINE
  5
22C
330
17
100
AcDbEntity
  8
D-BYP-FIXT
100
AcDbPolyline
 90
16
 70
1
 10
9000.0
 20
7280.0
 10
9000.0
 20
6800.0
 10
9180.0
 20
6800.0
 10
9180.0
 20
7100.0
 10
11080.0
 20
7100.0
 10
11080.0
 20
4380.0
 10
10080.0
 20
4380.0
 10
10080.0
 20
4280.0
 10
11180.0
 20
4280.0
 10
11180.0
 20
5180.0
 10
11280.0
 20
5180.0
 10
11280.0
 20
5280.0
 10
11180.0
 20
5280.0
 10
11180.0
 20
7100.0
 10
11410.0
 20
7100.0
 10
11410.0
 20
7280.0
  0
LWPOLYLINE
  5
22D
330
17
100
AcDbEntity
  8
D-BYP-FIXT
100
AcDbPolyline
 90
12
 70
1
 10
14940.0
 20
0.0
 10
14940.0
 20
180.0
 10
13410.0
 20
180.0
 10
13410.0
 20
3480.0
 10
13310.0
 20
3480.0
 10
13310.0
 20
3380.0
 10
11590.0
 20
3380.0
 10
11590.0
 20
3280.0
 10
13310.0
 20
3280.0
 10
13310.0
 20
180.0
 10
11990.0
 20
180.0
 10
11990.0
 20
0.0
  0
LWPOLYLINE
  5
22E
330
17
100
AcDbEntity
  8
D-STR-DOOR
100
AcDbPolyline
 90
4
 70
1
 10
17160.0
 20
30.0
 10
17160.0
 20
150.0
 10
9030.0
 20
150.0
 10
9030.0
 20
30.0
  0
MTEXT
  5
22F
330
17
100
AcDbEntity
  8
D-STR-TXT
100
AcDbMText
 10
13190.0
 20
500.0
 30
0.0
 40
100.0
 41
207.9296875
 71
5
  1
B01
  7
HOUSE_UNICODE
 45
1.2
 90
3
 63
0
  0
LWPOLYLINE
  5
230
330
17
100
AcDbEntity
  8
D-STR-DOOR
100
AcDbPolyline
 90
4
 70
1
 10
17160.0
 20
7130.0
 10
17160.0
 20
7250.0
 10
9030.0
 20
7250.0
 10
9030.0
 20
7130.0
  0
MTEXT
  5
231
330
17
100
AcDbEntity
  8
D-STR-TXT
100
AcDbMText
 10
13190.0
 20
6980.0
 30
0.0
 40
100.0
 41
207.9296875
 71
5
  1
B02
  7
HOUSE_UNICODE
 45
1.2
 90
3
 63
0
  0
LWPOLYLINE
  5
232
330
17
100
AcDbEntity
  8
D-STR-DOOR
100
AcDbPolyline
 90
4
 70
1
 10
17160.0
 20
150.0
 10
17160.0
 20
7130.0
 10
17040.0
 20
7130.0
 10
17040.0
 20
150.0
  0
LWPOLYLINE
  5
233
330
17
100
AcDbEntity
  8
D-STR-DOOR
100
AcDbPolyline
 90
4
 70
1
 10
9150.0
 20
150.0
 10
9150.0
 20
7130.0
 10
9030.0
 20
7130.0
 10
9030.0
 20
150.0
  0
LWPOLYLINE
  5
234
330
17
100
AcDbEntity
  8
D-STR-DOOR
100
AcDbPolyline
 90
4
 70
1
 10
17040.0
 20
3240.0
 10
17040.0
 20
3420.0
 10
9150.0
 20
3420.0
 10
9150.0
 20
3240.0
  0
MTEXT
  5
235
330
17
100
AcDbEntity
  8
D-STR-TXT
100
AcDbMText
 10
13095.0
 20
3580.0
 30
0.0
 40
100.0
 41
207.9296875
 71
5
  1
B05
  7
HOUSE_UNICODE
 45
1.2
 90
3
 63
0
  0
LWPOLYLINE
  5
236
330
17
100
AcDbEntity
  8
D-STR-DOOR
100
AcDbPolyline
 90
4
 70
1
 10
17040.0
 20
4285.0
 10
17040.0
 20
4375.0
 10
9150.0
 20
4375.0
 10
9150.0
 20
4285.0
  0
MTEXT
  5
237
330
17
100
AcDbEntity
  8
D-STR-TXT
100
AcDbMText
 10
12990.0
 20
4670.0
 30
0.0
 40
100.0
 41
207.9296875
 71
5
  1
B06
  7
HOUSE_UNICODE
 45
1.2
 90
3
 63
0
  0
LWPOLYLINE
  5
238
330
17
100
AcDbEntity
  8
D-STR-DOOR
100
AcDbPolyline
 90
4
 70
1
 10
12175.0
 20
4330.0
 10
12175.0
 20
7130.0
 10
12085.0
 20
7130.0
 10
12085.0
 20
4330.0
  0
MTEXT
  5
239
330
17
100
AcDbEntity
  8
D-STR-TXT
100
AcDbMText
 10
12460.0
 20
5980.0
 30
0.0
 40
100.0
 41
207.9296875
 71
5
  1
B07
  7
HOUSE_UNICODE
 45
1.2
 90
3
 63
0
  0
LWPOLYLINE
  5
23A
330
17
100
AcDbEntity
  8
D-STR-DOOR
100
AcDbPolyline
 90
4
 70
1
 10
11175.0
 20
4330.0
 10
11175.0
 20
7130.0
 10
11085.0
 20
7130.0
 10
11085.0
 20
4330.0
  0
LWPOLYLINE
  5
23B
330
17
100
AcDbEntity
  8
D-STR-DOOR
100
AcDbPolyline
 90
4
 70
1
 10
12130.0
 20
5185.0
 10
12130.0
 20
5275.0
 10
11130.0
 20
5275.0
 10
11130.0
 20
5185.0
  0
LWPOLYLINE
  5
23C
330
17
100
AcDbEntity
  8
D-STR-DOOR
100
AcDbPolyline
 90
4
 70
1
 10
13905.0
 20
150.0
 10
13905.0
 20
4330.0
 10
13815.0
 20
4330.0
 10
13815.0
 20
150.0
  0
LWPOLYLINE
  5
23D
330
17
100
AcDbEntity
  8
D-STR-DOOR
100
AcDbPolyline
 90
4
 70
1
 10
12815.0
 20
150.0
 10
12905.0
 20
150.0
 10
12905.0
 20
3505.0
 10
12815.0
 20
3505.0
  0
LWPOLYLINE
  5
23E
330
17
100
AcDbEntity
  8
D-STR-DOOR
100
AcDbPolyline
 90
4
 70
1
 10
12905.0
 20
4330.0
 10
12815.0
 20
4330.0
 10
12815.0
 20
4155.0
 10
12905.0
 20
4155.0
  0
LWPOLYLINE
  5
23F
330
17
100
AcDbEntity
  8
D-STR-DOOR
100
AcDbPolyline
 90
6
 70
1
 10
11800.0
 20
3505.0
 10
11800.0
 20
3415.0
 10
13815.0
 20
3415.0
 10
13815.0
 20
3505.0
 10
13090.0
 20
3505.0
 10
11890.0
 20
3505.0
  0
MTEXT
  5
240
330
17
100
AcDbEntity
  8
D-STR-TXT
100
AcDbMText
 10
12807.5
 20
3710.0
 30
0.0
 40
100.0
 41
207.9296875
 71
5
  1
B12
  7
HOUSE_UNICODE
 45
1.2
 90
3
 63
0
  0
LWPOLYLINE
  5
241
330
17
100
AcDbEntity
  8
D-STR-DOOR
100
AcDbPolyline
 90
6
 70
1
 10
13815.0
 20
4155.0
 10
13815.0
 20
4245.0
 10
11800.0
 20
4245.0
 10
11800.0
 20
4155.0
 10
11890.0
 20
4155.0
 10
13090.0
 20
4155.0
  0
MTEXT
  5
242
330
17
100
AcDbEntity
  8
D-STR-TXT
100
AcDbMText
 10
12807.5
 20
4450.0
 30
0.0
 40
100.0
 41
207.9296875
 71
5
  1
B13
  7
HOUSE_UNICODE
 45
1.2
 90
3
 63
0
  0
LWPOLYLINE
  5
243
330
17
100
AcDbEntity
  8
D-STR-DOOR
100
AcDbPolyline
 90
4
 70
1
 10
11800.0
 20
4155.0
 10
11800.0
 20
3505.0
 10
11890.0
 20
3505.0
 10
11890.0
 20
4155.0
  0
MTEXT
  5
244
330
17
100
AcDbEntity
  8
D-STR-TXT
100
AcDbMText
 10
11845.0
 20
4080.0
 30
0.0
 40
100.0
 41
207.9296875
 71
5
  1
B14
  7
HOUSE_UNICODE
 45
1.2
 90
3
 63
0
  0
LINE
  5
245
330
17
100
AcDbEntity
  8
D-STR-WALL
100
AcDbLine
 10
17100.0
 20
150.0
 30
0.0
 11
16605.0
 21
150.0
 31
0.0
  0
LINE
  5
246
330
17
100
AcDbEntity
  8
D-STR-WALL
100
AcDbLine
 10
16605.0
 20
150.0
 30
0.0
 11
16605.0
 21
159.0
 31
0.0
  0
LINE
  5
247
330
17
100
AcDbEntity
  8
D-STR-WALL
100
AcDbLine
 10
16605.0
 20
159.0
 30
0.0
 11
17100.0
 21
159.0
 31
0.0
  0
LINE
  5
248
330
17
100
AcDbEntity
  8
D-STR-WALL
100
AcDbLine
 10
17100.0
 20
159.0
 30
0.0
 11
17100.0
 21
150.0
 31
0.0
  0
MTEXT
  5
249
330
17
100
AcDbEntity
  8
D-STR-TXT
100
AcDbMText
 10
16852.5
 20
390.0
 30
0.0
 40
100.0
 41
302.31445312500006
 71
5
  1
BW01
  7
HOUSE_UNICODE
 45
1.2
 90
3
 63
0
  0
LINE
  5
24A
330
17
100
AcDbEntity
  8
D-STR-WALL
100
AcDbLine
 10
14375.0
 20
150.0
 30
0.0
 11
13540.0
 21
150.0
 31
0.0
  0
LINE
  5
24B
330
17
100
AcDbEntity
  8
D-STR-WALL
100
AcDbLine
 10
13540.0
 20
150.0
 30
0.0
 11
13540.0
 21
159.0
 31
0.0
  0
LINE
  5
24C
330
17
100
AcDbEntity
  8
D-STR-WALL
100
AcDbLine
 10
13540.0
 20
159.0
 30
0.0
 11
14375.0
 21
159.0
 31
0.0
  0
LINE
  5
24D
330
17
100
AcDbEntity
  8
D-STR-WALL
100
AcDbLine
 10
14375.0
 20
159.0
 30
0.0
 11
14375.0
 21
150.0
 31
0.0
  0
MTEXT
  5
24E
330
17
100
AcDbEntity
  8
D-STR-TXT
100
AcDbMText
 10
13957.5
 20
390.0
 30
0.0
 40
100.0
 41
302.31445312500006
 71
5
  1
BW02
  7
HOUSE_UNICODE
 45
1.2
 90
3
 63
0
  0
LINE
  5
24F
330
17
100
AcDbEntity
  8
D-STR-WALL
100
AcDbLine
 10
13540.0
 20
150.0
 30
0.0
 11
12650.0
 21
150.0
 31
0.0
  0
LINE
  5
250
330
17
100
AcDbEntity
  8
D-STR-WALL
100
AcDbLine
 10
12650.0
 20
150.0
 30
0.0
 11
12650.0
 21
159.0
 31
0.0
  0
LINE
  5
251
330
17
100
AcDbEntity
  8
D-STR-WALL
100
AcDbLine
 10
12650.0
 20
159.0
 30
0.0
 11
13540.0
 21
159.0
 31
0.0
  0
LINE
  5
252
330
17
100
AcDbEntity
  8
D-STR-WALL
100
AcDbLine
 10
13540.0
 20
159.0
 30
0.0
 11
13540.0
 21
150.0
 31
0.0
  0
MTEXT
  5
253
330
17
100
AcDbEntity
  8
D-STR-TXT
100
AcDbMText
 10
13095.0
 20
170.0
 30
0.0
 40
100.0
 41
302.31445312500006
 71
5
  1
BW03
  7
HOUSE_UNICODE
 45
1.2
 90
3
 63
0
  0
LINE
  5
254
330
17
100
AcDbEntity
  8
D-STR-WALL
100
AcDbLine
 10
12650.0
 20
150.0
 30
0.0
 11
12055.0
 21
150.0
 31
0.0
  0
LINE
  5
255
330
17
100
AcDbEntity
  8
D-STR-WALL
100
AcDbLine
 10
12055.0
 20
150.0
 30
0.0
 11
12055.0
 21
159.0
 31
0.0
  0
LINE
  5
256
330
17
100
AcDbEntity
  8
D-STR-WALL
100
AcDbLine
 10
12055.0
 20
159.0
 30
0.0
 11
12650.0
 21
159.0
 31
0.0
  0
LINE
  5
257
330
17
100
AcDbEntity
  8
D-STR-WALL
100
AcDbLine
 10
12650.0
 20
159.0
 30
0.0
 11
12650.0
 21
150.0
 31
0.0
  0
MTEXT
  5
258
330
17
100
AcDbEntity
  8
D-STR-TXT
100
AcDbMText
 10
12352.5
 20
390.0
 30
0.0
 40
100.0
 41
302.31445312500006
 71
5
  1
BW04
  7
HOUSE_UNICODE
 45
1.2
 90
3
 63
0
  0
LINE
  5
259
330
17
100
AcDbEntity
  8
D-STR-WALL
100
AcDbLine
 10
9915.0
 20
150.0
 30
0.0
 11
9090.0
 21
150.0
 31
0.0
  0
LINE
  5
25A
330
17
100
AcDbEntity
  8
D-STR-WALL
100
AcDbLine
 10
9090.0
 20
150.0
 30
0.0
 11
9090.0
 21
159.0
 31
0.0
  0
LINE
  5
25B
330
17
100
AcDbEntity
  8
D-STR-WALL
100
AcDbLine
 10
9090.0
 20
159.0
 30
0.0
 11
9915.0
 21
159.0
 31
0.0
  0
LINE
  5
25C
330
17
100
AcDbEntity
  8
D-STR-WALL
100
AcDbLine
 10
9915.0
 20
159.0
 30
0.0
 11
9915.0
 21
150.0
 31
0.0
  0
MTEXT
  5
25D
330
17
100
AcDbEntity
  8
D-STR-TXT
100
AcDbMText
 10
9502.5
 20
390.0
 30
0.0
 40
100.0
 41
302.31445312500006
 71
5
  1
BW05
  7
HOUSE_UNICODE
 45
1.2
 90
3
 63
0
  0
LINE
  5
25E
330
17
100
AcDbEntity
  8
D-STR-WALL
100
AcDbLine
 10
17100.0
 20
7121.0
 30
0.0
 11
16605.0
 21
7121.0
 31
0.0
  0
LINE
  5
25F
330
17
100
AcDbEntity
  8
D-STR-WALL
100
AcDbLine
 10
16605.0
 20
7121.0
 30
0.0
 11
16605.0
 21
7130.0
 31
0.0
  0
LINE
  5
260
330
17
100
AcDbEntity
  8
D-STR-WALL
100
AcDbLine
 10
16605.0
 20
7130.0
 30
0.0
 11
17100.0
 21
7130.0
 31
0.0
  0
LINE
  5
261
330
17
100
AcDbEntity
  8
D-STR-WALL
100
AcDbLine
 10
17100.0
 20
7130.0
 30
0.0
 11
17100.0
 21
7121.0
 31
0.0
  0
MTEXT
  5
262
330
17
100
AcDbEntity
  8
D-STR-TXT
100
AcDbMText
 10
16852.5
 20
6890.0
 30
0.0
 40
100.0
 41
302.31445312500006
 71
5
  1
BW06
  7
HOUSE_UNICODE
 45
1.2
 90
3
 63
0
  0
LINE
  5
263
330
17
100
AcDbEntity
  8
D-STR-WALL
100
AcDbLine
 10
15825.0
 20
7121.0
 30
0.0
 11
15320.0
 21
7121.0
 31
0.0
  0
LINE
  5
264
330
17
100
AcDbEntity
  8
D-STR-WALL
100
AcDbLine
 10
15320.0
 20
7121.0
 30
0.0
 11
15320.0
 21
7130.0
 31
0.0
  0
LINE
  5
265
330
17
100
AcDbEntity
  8
D-STR-WALL
100
AcDbLine
 10
15320.0
 20
7130.0
 30
0.0
 11
15825.0
 21
7130.0
 31
0.0
  0
LINE
  5
266
330
17
100
AcDbEntity
  8
D-STR-WALL
100
AcDbLine
 10
15825.0
 20
7130.0
 30
0.0
 11
15825.0
 21
7121.0
 31
0.0
  0
MTEXT
  5
267
330
17
100
AcDbEntity
  8
D-STR-TXT
100
AcDbMText
 10
15572.5
 20
6890.0
 30
0.0
 40
100.0
 41
302.31445312500006
 71
5
  1
BW07
  7
HOUSE_UNICODE
 45
1.2
 90
3
 63
0
  0
LINE
  5
268
330
17
100
AcDbEntity
  8
D-STR-WALL
100
AcDbLine
 10
15320.0
 20
7121.0
 30
0.0
 11
14430.0
 21
7121.0
 31
0.0
  0
LINE
  5
269
330
17
100
AcDbEntity
  8
D-STR-WALL
100
AcDbLine
 10
14430.0
 20
7121.0
 30
0.0
 11
14430.0
 21
7130.0
 31
0.0
  0
LINE
  5
26A
330
17
100
AcDbEntity
  8
D-STR-WALL
100
AcDbLine
 10
14430.0
 20
7130.0
 30
0.0
 11
15320.0
 21
7130.0
 31
0.0
  0
LINE
  5
26B
330
17
100
AcDbEntity
  8
D-STR-WALL
100
AcDbLine
 10
15320.0
 20
7130.0
 30
0.0
 11
15320.0
 21
7121.0
 31
0.0
  0
MTEXT
  5
26C
330
17
100
AcDbEntity
  8
D-STR-TXT
100
AcDbMText
 10
14875.0
 20
6890.0
 30
0.0
 40
100.0
 41
302.31445312500006
 71
5
  1
BW08
  7
HOUSE_UNICODE
 45
1.2
 90
3
 63
0
  0
LINE
  5
26D
330
17
100
AcDbEntity
  8
D-STR-WALL
100
AcDbLine
 10
13225.0
 20
7121.0
 30
0.0
 11
12650.0
 21
7121.0
 31
0.0
  0
LINE
  5
26E
330
17
100
AcDbEntity
  8
D-STR-WALL
100
AcDbLine
 10
12650.0
 20
7121.0
 30
0.0
 11
12650.0
 21
7130.0
 31
0.0
  0
LINE
  5
26F
330
17
100
AcDbEntity
  8
D-STR-WALL
100
AcDbLine
 10
12650.0
 20
7130.0
 30
0.0
 11
13225.0
 21
7130.0
 31
0.0
  0
LINE
  5
270
330
17
100
AcDbEntity
  8
D-STR-WALL
100
AcDbLine
 10
13225.0
 20
7130.0
 30
0.0
 11
13225.0
 21
7121.0
 31
0.0
  0
MTEXT
  5
271
330
17
100
AcDbEntity
  8
D-STR-TXT
100
AcDbMText
 10
12937.5
 20
6670.0
 30
0.0
 40
100.0
 41
302.31445312500006
 71
5
  1
BW09
  7
HOUSE_UNICODE
 45
1.2
 90
3
 63
0
  0
LINE
  5
272
330
17
100
AcDbEntity
  8
D-STR-WALL
100
AcDbLine
 10
12650.0
 20
7121.0
 30
0.0
 11
12130.0
 21
7121.0
 31
0.0
  0
LINE
  5
273
330
17
100
AcDbEntity
  8
D-STR-WALL
100
AcDbLine
 10
12130.0
 20
7121.0
 30
0.0
 11
12130.0
 21
7130.0
 31
0.0
  0
LINE
  5
274
330
17
100
AcDbEntity
  8
D-STR-WALL
100
AcDbLine
 10
12130.0
 20
7130.0
 30
0.0
 11
12650.0
 21
7130.0
 31
0.0
  0
LINE
  5
275
330
17
100
AcDbEntity
  8
D-STR-WALL
100
AcDbLine
 10
12650.0
 20
7130.0
 30
0.0
 11
12650.0
 21
7121.0
 31
0.0
  0
MTEXT
  5
276
330
17
100
AcDbEntity
  8
D-STR-TXT
100
AcDbMText
 10
12390.0
 20
6890.0
 30
0.0
 40
100.0
 41
302.31445312500006
 71
5
  1
BW10
  7
HOUSE_UNICODE
 45
1.2
 90
3
 63
0
  0
LINE
  5
277
330
17
100
AcDbEntity
  8
D-STR-WALL
100
AcDbLine
 10
10870.0
 20
7121.0
 30
0.0
 11
9980.0
 21
7121.0
 31
0.0
  0
LINE
  5
278
330
17
100
AcDbEntity
  8
D-STR-WALL
100
AcDbLine
 10
9980.0
 20
7121.0
 30
0.0
 11
9980.0
 21
7130.0
 31
0.0
  0
LINE
  5
279
330
17
100
AcDbEntity
  8
D-STR-WALL
100
AcDbLine
 10
9980.0
 20
7130.0
 30
0.0
 11
10870.0
 21
7130.0
 31
0.0
  0
LINE
  5
27A
330
17
100
AcDbEntity
  8
D-STR-WALL
100
AcDbLine
 10
10870.0
 20
7130.0
 30
0.0
 11
10870.0
 21
7121.0
 31
0.0
  0
MTEXT
  5
27B
330
17
100
AcDbEntity
  8
D-STR-TXT
100
AcDbMText
 10
10425.0
 20
6890.0
 30
0.0
 40
100.0
 41
302.31445312500006
 71
5
  1
BW11
  7
HOUSE_UNICODE
 45
1.2
 90
3
 63
0
  0
LINE
  5
27C
330
17
100
AcDbEntity
  8
D-STR-WALL
100
AcDbLine
 10
9980.0
 20
7121.0
 30
0.0
 11
9090.0
 21
7121.0
 31
0.0
  0
LINE
  5
27D
330
17
100
AcDbEntity
  8
D-STR-WALL
100
AcDbLine
 10
9090.0
 20
7121.0
 30
0.0
 11
9090.0
 21
7130.0
 31
0.0
  0
LINE
  5
27E
330
17
100
AcDbEntity
  8
D-STR-WALL
100
AcDbLine
 10
9090.0
 20
7130.0
 30
0.0
 11
9980.0
 21
7130.0
 31
0.0
  0
LINE
  5
27F
330
17
100
AcDbEntity
  8
D-STR-WALL
100
AcDbLine
 10
9980.0
 20
7130.0
 30
0.0
 11
9980.0
 21
7121.0
 31
0.0
  0
MTEXT
  5
280
330
17
100
AcDbEntity
  8
D-STR-TXT
100
AcDbMText
 10
9535.0
 20
6890.0
 30
0.0
 40
100.0
 41
302.31445312500006
 71
5
  1
BW12
  7
HOUSE_UNICODE
 45
1.2
 90
3
 63
0
  0
LINE
  5
281
330
17
100
AcDbEntity
  8
D-STR-WALL
100
AcDbLine
 10
17040.0
 20
90.0
 30
0.0
 11
17031.0
 21
90.0
 31
0.0
  0
LINE
  5
282
330
17
100
AcDbEntity
  8
D-STR-WALL
100
AcDbLine
 10
17031.0
 20
90.0
 30
0.0
 11
17031.0
 21
635.0
 31
0.0
  0
LINE
  5
283
330
17
100
AcDbEntity
  8
D-STR-WALL
100
AcDbLine
 10
17031.0
 20
635.0
 30
0.0
 11
17040.0
 21
635.0
 31
0.0
  0
LINE
  5
284
330
17
100
AcDbEntity
  8
D-STR-WALL
100
AcDbLine
 10
17040.0
 20
635.0
 30
0.0
 11
17040.0
 21
90.0
 31
0.0
  0
MTEXT
  5
285
330
17
100
AcDbEntity
  8
D-STR-TXT
100
AcDbMText
 10
16800.0
 20
582.5
 30
0.0
 40
100.0
 41
302.31445312500006
 71
5
  1
BW13
  7
HOUSE_UNICODE
 45
1.2
 90
3
 63
0
  0
LINE
  5
286
330
17
100
AcDbEntity
  8
D-STR-WALL
100
AcDbLine
 10
17040.0
 20
3565.0
 30
0.0
 11
17031.0
 21
3565.0
 31
0.0
  0
LINE
  5
287
330
17
100
AcDbEntity
  8
D-STR-WALL
100
AcDbLine
 10
17031.0
 20
3565.0
 30
0.0
 11
17031.0
 21
4527.5
 31
0.0
  0
LINE
  5
288
330
17
100
AcDbEntity
  8
D-STR-WALL
100
AcDbLine
 10
17031.0
 20
4527.5
 30
0.0
 11
17040.0
 21
4527.5
 31
0.0
  0
LINE
  5
289
330
17
100
AcDbEntity
  8
D-STR-WALL
100
AcDbLine
 10
17040.0
 20
4527.5
 30
0.0
 11
17040.0
 21
3565.0
 31
0.0
  0
MTEXT
  5
28A
330
17
100
AcDbEntity
  8
D-STR-TXT
100
AcDbMText
 10
16800.0
 20
4046.25
 30
0.0
 40
100.0
 41
302.31445312500006
 71
5
  1
BW14
  7
HOUSE_UNICODE
 45
1.2
 90
3
 63
0
  0
LINE
  5
28B
330
17
100
AcDbEntity
  8
D-STR-WALL
100
AcDbLine
 10
9159.0
 20
90.0
 30
0.0
 11
9150.0
 21
90.0
 31
0.0
  0
LINE
  5
28C
330
17
100
AcDbEntity
  8
D-STR-WALL
100
AcDbLine
 10
9150.0
 20
90.0
 30
0.0
 11
9150.0
 21
977.5
 31
0.0
  0
LINE
  5
28D
330
17
100
AcDbEntity
  8
D-STR-WALL
100
AcDbLine
 10
9150.0
 20
977.5
 30
0.0
 11
9159.0
 21
977.5
 31
0.0
  0
LINE
  5
28E
330
17
100
AcDbEntity
  8
D-STR-WALL
100
AcDbLine
 10
9159.0
 20
977.5
 30
0.0
 11
9159.0
 21
90.0
 31
0.0
  0
MTEXT
  5
28F
330
17
100
AcDbEntity
  8
D-STR-TXT
100
AcDbMText
 10
8790.0
 20
533.75
 30
0.0
 40
100.0
 41
302.31445312500006
 71
5
  1
BW15
  7
HOUSE_UNICODE
 45
1.2
 90
3
 63
0
  0
LINE
  5
290
330
17
100
AcDbEntity
  8
D-STR-WALL
100
AcDbLine
 10
9159.0
 20
977.5
 30
0.0
 11
9150.0
 21
977.5
 31
0.0
  0
LINE
  5
291
330
17
100
AcDbEntity
  8
D-STR-WALL
100
AcDbLine
 10
9150.0
 20
977.5
 30
0.0
 11
9150.0
 21
1865.0
 31
0.0
  0
LINE
  5
292
330
17
100
AcDbEntity
  8
D-STR-WALL
100
AcDbLine
 10
9150.0
 20
1865.0
 30
0.0
 11
9159.0
 21
1865.0
 31
0.0
  0
LINE
  5
293
330
17
100
AcDbEntity
  8
D-STR-WALL
100
AcDbLine
 10
9159.0
 20
1865.0
 30
0.0
 11
9159.0
 21
977.5
 31
0.0
  0
MTEXT
  5
294
330
17
100
AcDbEntity
  8
D-STR-TXT
100
AcDbMText
 10
8790.0
 20
1421.25
 30
0.0
 40
100.0
 41
302.31445312500006
 71
5
  1
BW16
  7
HOUSE_UNICODE
 45
1.2
 90
3
 63
0
  0
LINE
  5
295
330
17
100
AcDbEntity
  8
D-STR-WALL
100
AcDbLine
 10
9159.0
 20
1865.0
 30
0.0
 11
9150.0
 21
1865.0
 31
0.0
  0
LINE
  5
296
330
17
100
AcDbEntity
  8
D-STR-WALL
100
AcDbLine
 10
9150.0
 20
1865.0
 30
0.0
 11
9150.0
 21
2752.5
 31
0.0
  0
LINE
  5
297
330
17
100
AcDbEntity
  8
D-STR-WALL
100
AcDbLine
 10
9150.0
 20
2752.5
 30
0.0
 11
9159.0
 21
2752.5
 31
0.0
  0
LINE
  5
298
330
17
100
AcDbEntity
  8
D-STR-WALL
100
AcDbLine
 10
9159.0
 20
2752.5
 30
0.0
 11
9159.0
 21
1865.0
 31
0.0
  0
MTEXT
  5
299
330
17
100
AcDbEntity
  8
D-STR-TXT
100
AcDbMText
 10
8790.0
 20
2308.75
 30
0.0
 40
100.0
 41
302.31445312500006
 71
5
  1
BW17
  7
HOUSE_UNICODE
 45
1.2
 90
3
 63
0
  0
LINE
  5
29A
330
17
100
AcDbEntity
  8
D-STR-WALL
100
AcDbLine
 10
9159.0
 20
2752.5
 30
0.0
 11
9150.0
 21
2752.5
 31
0.0
  0
LINE
  5
29B
330
17
100
AcDbEntity
  8
D-STR-WALL
100
AcDbLine
 10
9150.0
 20
2752.5
 30
0.0
 11
9150.0
 21
3640.0
 31
0.0
  0
LINE
  5
29C
330
17
100
AcDbEntity
  8
D-STR-WALL
100
AcDbLine
 10
9150.0
 20
3640.0
 30
0.0
 11
9159.0
 21
3640.0
 31
0.0
  0
LINE
  5
29D
330
17
100
AcDbEntity
  8
D-STR-WALL
100
AcDbLine
 10
9159.0
 20
3640.0
 30
0.0
 11
9159.0
 21
2752.5
 31
0.0
  0
MTEXT
  5
29E
330
17
100
AcDbEntity
  8
D-STR-TXT
100
AcDbMText
 10
8790.0
 20
3196.25
 30
0.0
 40
100.0
 41
302.31445312500006
 71
5
  1
BW18
  7
HOUSE_UNICODE
 45
1.2
 90
3
 63
0
  0
LINE
  5
29F
330
17
100
AcDbEntity
  8
D-STR-WALL
100
AcDbLine
 10
9159.0
 20
3640.0
 30
0.0
 11
9150.0
 21
3640.0
 31
0.0
  0
LINE
  5
2A0
330
17
100
AcDbEntity
  8
D-STR-WALL
100
AcDbLine
 10
9150.0
 20
3640.0
 30
0.0
 11
9150.0
 21
4527.5
 31
0.0
  0
LINE
  5
2A1
330
17
100
AcDbEntity
  8
D-STR-WALL
100
AcDbLine
 10
9150.0
 20
4527.5
 30
0.0
 11
9159.0
 21
4527.5
 31
0.0
  0
LINE
  5
2A2
330
17
100
AcDbEntity
  8
D-STR-WALL
100
AcDbLine
 10
9159.0
 20
4527.5
 30
0.0
 11
9159.0
 21
3640.0
 31
0.0
  0
MTEXT
  5
2A3
330
17
100
AcDbEntity
  8
D-STR-TXT
100
AcDbMText
 10
8790.0
 20
4083.75
 30
0.0
 40
100.0
 41
302.31445312500006
 71
5
  1
BW19
  7
HOUSE_UNICODE
 45
1.2
 90
3
 63
0
  0
LINE
  5
2A4
330
17
100
AcDbEntity
  8
D-STR-WALL
100
AcDbLine
 10
9159.0
 20
4527.5
 30
0.0
 11
9150.0
 21
4527.5
 31
0.0
  0
LINE
  5
2A5
330
17
100
AcDbEntity
  8
D-STR-WALL
100
AcDbLine
 10
9150.0
 20
4527.5
 30
0.0
 11
9150.0
 21
5415.0
 31
0.0
  0
LINE
  5
2A6
330
17
100
AcDbEntity
  8
D-STR-WALL
100
AcDbLine
 10
9150.0
 20
5415.0
 30
0.0
 11
9159.0
 21
5415.0
 31
0.0
  0
LINE
  5
2A7
330
17
100
AcDbEntity
  8
D-STR-WALL
100
AcDbLine
 10
9159.0
 20
5415.0
 30
0.0
 11
9159.0
 21
4527.5
 31
0.0
  0
MTEXT
  5
2A8
330
17
100
AcDbEntity
  8
D-STR-TXT
100
AcDbMText
 10
8790.0
 20
4971.25
 30
0.0
 40
100.0
 41
302.31445312500006
 71
5
  1
BW20
  7
HOUSE_UNICODE
 45
1.2
 90
3
 63
0
  0
LINE
  5
2A9
330
17
100
AcDbEntity
  8
D-STR-WALL
100
AcDbLine
 10
9159.0
 20
5415.0
 30
0.0
 11
9150.0
 21
5415.0
 31
0.0
  0
LINE
  5
2AA
330
17
100
AcDbEntity
  8
D-STR-WALL
100
AcDbLine
 10
9150.0
 20
5415.0
 30
0.0
 11
9150.0
 21
6135.0
 31
0.0
  0
LINE
  5
2AB
330
17
100
AcDbEntity
  8
D-STR-WALL
100
AcDbLine
 10
9150.0
 20
6135.0
 30
0.0
 11
9159.0
 21
6135.0
 31
0.0
  0
LINE
  5
2AC
330
17
100
AcDbEntity
  8
D-STR-WALL
100
AcDbLine
 10
9159.0
 20
6135.0
 30
0.0
 11
9159.0
 21
5415.0
 31
0.0
  0
MTEXT
  5
2AD
330
17
100
AcDbEntity
  8
D-STR-TXT
100
AcDbMText
 10
8790.0
 20
5775.0
 30
0.0
 40
100.0
 41
302.31445312500006
 71
5
  1
BW21
  7
HOUSE_UNICODE
 45
1.2
 90
3
 63
0
  0
LINE
  5
2AE
330
17
100
AcDbEntity
  8
D-STR-WALL
100
AcDbLine
 10
11085.0
 20
4460.0
 30
0.0
 11
11080.0
 21
4460.0
 31
0.0
  0
LINE
  5
2AF
330
17
100
AcDbEntity
  8
D-STR-WALL
100
AcDbLine
 10
11080.0
 20
4460.0
 30
0.0
 11
11080.0
 21
5370.0
 31
0.0
  0
LINE
  5
2B0
330
17
100
AcDbEntity
  8
D-STR-WALL
100
AcDbLine
 10
11080.0
 20
5370.0
 30
0.0
 11
11085.0
 21
5370.0
 31
0.0
  0
LINE
  5
2B1
330
17
100
AcDbEntity
  8
D-STR-WALL
100
AcDbLine
 10
11085.0
 20
5370.0
 30
0.0
 11
11085.0
 21
4460.0
 31
0.0
  0
MTEXT
  5
2B2
330
17
100
AcDbEntity
  8
D-STR-TXT
100
AcDbMText
 10
10830.0
 20
4915.0
 30
0.0
 40
100.0
 41
302.31445312500006
 71
5
  1
BW22
  7
HOUSE_UNICODE
 45
1.2
 90
3
 63
0
  0
LINE
  5
2B3
330
17
100
AcDbEntity
  8
D-STR-WALL
100
AcDbLine
 10
11085.0
 20
5370.0
 30
0.0
 11
11080.0
 21
5370.0
 31
0.0
  0
LINE
  5
2B4
330
17
100
AcDbEntity
  8
D-STR-WALL
100
AcDbLine
 10
11080.0
 20
5370.0
 30
0.0
 11
11080.0
 21
6280.0
 31
0.0
  0
LINE
  5
2B5
330
17
100
AcDbEntity
  8
D-STR-WALL
100
AcDbLine
 10
11080.0
 20
6280.0
 30
0.0
 11
11085.0
 21
6280.0
 31
0.0
  0
LINE
  5
2B6
330
17
100
AcDbEntity
  8
D-STR-WALL
100
AcDbLine
 10
11085.0
 20
6280.0
 30
0.0
 11
11085.0
 21
5370.0
 31
0.0
  0
MTEXT
  5
2B7
330
17
100
AcDbEntity
  8
D-STR-TXT
100
AcDbMText
 10
10830.0
 20
5825.0
 30
0.0
 40
100.0
 41
302.31445312500006
 71
5
  1
BW23
  7
HOUSE_UNICODE
 45
1.2
 90
3
 63
0
  0
LINE
  5
2B8
330
17
100
AcDbEntity
  8
D-STR-WALL
100
AcDbLine
 10
11085.0
 20
6280.0
 30
0.0
 11
11080.0
 21
6280.0
 31
0.0
  0
LINE
  5
2B9
330
17
100
AcDbEntity
  8
D-STR-WALL
100
AcDbLine
 10
11080.0
 20
6280.0
 30
0.0
 11
11080.0
 21
7190.0
 31
0.0
  0
LINE
  5
2BA
330
17
100
AcDbEntity
  8
D-STR-WALL
100
AcDbLine
 10
11080.0
 20
7190.0
 30
0.0
 11
11085.0
 21
7190.0
 31
0.0
  0
LINE
  5
2BB
330
17
100
AcDbEntity
  8
D-STR-WALL
100
AcDbLine
 10
11085.0
 20
7190.0
 30
0.0
 11
11085.0
 21
6280.0
 31
0.0
  0
MTEXT
  5
2BC
330
17
100
AcDbEntity
  8
D-STR-TXT
100
AcDbMText
 10
10830.0
 20
6735.0
 30
0.0
 40
100.0
 41
302.31445312500006
 71
5
  1
BW24
  7
HOUSE_UNICODE
 45
1.2
 90
3
 63
0
  0
LINE
  5
2BD
330
17
100
AcDbEntity
  8
D-STR-WALL
100
AcDbLine
 10
12085.0
 20
5370.0
 30
0.0
 11
12080.0
 21
5370.0
 31
0.0
  0
LINE
  5
2BE
330
17
100
AcDbEntity
  8
D-STR-WALL
100
AcDbLine
 10
12080.0
 20
5370.0
 30
0.0
 11
12080.0
 21
6280.0
 31
0.0
  0
LINE
  5
2BF
330
17
100
AcDbEntity
  8
D-STR-WALL
100
AcDbLine
 10
12080.0
 20
6280.0
 30
0.0
 11
12085.0
 21
6280.0
 31
0.0
  0
LINE
  5
2C0
330
17
100
AcDbEntity
  8
D-STR-WALL
100
AcDbLine
 10
12085.0
 20
6280.0
 30
0.0
 11
12085.0
 21
5370.0
 31
0.0
  0
MTEXT
  5
2C1
330
17
100
AcDbEntity
  8
D-STR-TXT
100
AcDbMText
 10
11830.0
 20
5825.0
 30
0.0
 40
100.0
 41
302.31445312500006
 71
5
  1
BW25
  7
HOUSE_UNICODE
 45
1.2
 90
3
 63
0
  0
LINE
  5
2C2
330
17
100
AcDbEntity
  8
D-STR-WALL
100
AcDbLine
 10
12085.0
 20
6280.0
 30
0.0
 11
12080.0
 21
6280.0
 31
0.0
  0
LINE
  5
2C3
330
17
100
AcDbEntity
  8
D-STR-WALL
100
AcDbLine
 10
12080.0
 20
6280.0
 30
0.0
 11
12080.0
 21
7190.0
 31
0.0
  0
LINE
  5
2C4
330
17
100
AcDbEntity
  8
D-STR-WALL
100
AcDbLine
 10
12080.0
 20
7190.0
 30
0.0
 11
12085.0
 21
7190.0
 31
0.0
  0
LINE
  5
2C5
330
17
100
AcDbEntity
  8
D-STR-WALL
100
AcDbLine
 10
12085.0
 20
7190.0
 30
0.0
 11
12085.0
 21
6280.0
 31
0.0
  0
MTEXT
  5
2C6
330
17
100
AcDbEntity
  8
D-STR-TXT
100
AcDbMText
 10
11830.0
 20
6735.0
 30
0.0
 40
100.0
 41
302.31445312500006
 71
5
  1
BW26
  7
HOUSE_UNICODE
 45
1.2
 90
3
 63
0
  0
LINE
  5
2C7
330
17
100
AcDbEntity
  8
D-STR-WALL
100
AcDbLine
 10
17160.0
 20
30.0
 30
0.0
 11
17040.0
 21
30.0
 31
0.0
  0
LINE
  5
2C8
330
17
100
AcDbEntity
  8
D-STR-WALL
100
AcDbLine
 10
17040.0
 20
30.0
 30
0.0
 11
17040.0
 21
150.0
 31
0.0
  0
LINE
  5
2C9
330
17
100
AcDbEntity
  8
D-STR-WALL
100
AcDbLine
 10
17040.0
 20
150.0
 30
0.0
 11
17160.0
 21
150.0
 31
0.0
  0
LINE
  5
2CA
330
17
100
AcDbEntity
  8
D-STR-WALL
100
AcDbLine
 10
17160.0
 20
150.0
 30
0.0
 11
17160.0
 21
30.0
 31
0.0
  0
MTEXT
  5
2CB
330
17
100
AcDbEntity
  8
D-STR-TXT
100
AcDbMText
 10
16870.0
 20
-220.0
 30
0.0
 40
100.0
 41
213.447265625
 71
5
  1
C01
  7
HOUSE_UNICODE
 45
1.2
 90
3
 63
0
  0
LINE
  5
2CC
330
17
100
AcDbEntity
  8
D-STR-WALL
100
AcDbLine
 10
16665.0
 20
30.0
 30
0.0
 11
16545.0
 21
30.0
 31
0.0
  0
LINE
  5
2CD
330
17
100
AcDbEntity
  8
D-STR-WALL
100
AcDbLine
 10
16545.0
 20
30.0
 30
0.0
 11
16545.0
 21
150.0
 31
0.0
  0
LINE
  5
2CE
330
17
100
AcDbEntity
  8
D-STR-WALL
100
AcDbLine
 10
16545.0
 20
150.0
 30
0.0
 11
16665.0
 21
150.0
 31
0.0
  0
LINE
  5
2CF
330
17
100
AcDbEntity
  8
D-STR-WALL
100
AcDbLine
 10
16665.0
 20
150.0
 30
0.0
 11
16665.0
 21
30.0
 31
0.0
  0
MTEXT
  5
2D0
330
17
100
AcDbEntity
  8
D-STR-TXT
100
AcDbMText
 10
16605.0
 20
-220.0
 30
0.0
 40
100.0
 41
213.447265625
 71
5
  1
C02
  7
HOUSE_UNICODE
 45
1.2
 90
3
 63
0
  0
LINE
  5
2D1
330
17
100
AcDbEntity
  8
D-STR-WALL
100
AcDbLine
 10
14435.0
 20
30.0
 30
0.0
 11
14315.0
 21
30.0
 31
0.0
  0
LINE
  5
2D2
330
17
100
AcDbEntity
  8
D-STR-WALL
100
AcDbLine
 10
14315.0
 20
30.0
 30
0.0
 11
14315.0
 21
150.0
 31
0.0
  0
LINE
  5
2D3
330
17
100
AcDbEntity
  8
D-STR-WALL
100
AcDbLine
 10
14315.0
 20
150.0
 30
0.0
 11
14435.0
 21
150.0
 31
0.0
  0
LINE
  5
2D4
330
17
100
AcDbEntity
  8
D-STR-WALL
100
AcDbLine
 10
14435.0
 20
150.0
 30
0.0
 11
14435.0
 21
30.0
 31
0.0
  0
MTEXT
  5
2D5
330
17
100
AcDbEntity
  8
D-STR-TXT
100
AcDbMText
 10
14375.0
 20
-220.0
 30
0.0
 40
100.0
 41
213.447265625
 71
5
  1
C03
  7
HOUSE_UNICODE
 45
1.2
 90
3
 63
0
  0
LINE
  5
2D6
330
17
100
AcDbEntity
  8
D-STR-WALL
100
AcDbLine
 10
13600.0
 20
30.0
 30
0.0
 11
13480.0
 21
30.0
 31
0.0
  0
LINE
  5
2D7
330
17
100
AcDbEntity
  8
D-STR-WALL
100
AcDbLine
 10
13480.0
 20
30.0
 30
0.0
 11
13480.0
 21
150.0
 31
0.0
  0
LINE
  5
2D8
330
17
100
AcDbEntity
  8
D-STR-WALL
100
AcDbLine
 10
13480.0
 20
150.0
 30
0.0
 11
13600.0
 21
150.0
 31
0.0
  0
LINE
  5
2D9
330
17
100
AcDbEntity
  8
D-STR-WALL
100
AcDbLine
 10
13600.0
 20
150.0
 30
0.0
 11
13600.0
 21
30.0
 31
0.0
  0
MTEXT
  5
2DA
330
17
100
AcDbEntity
  8
D-STR-TXT
100
AcDbMText
 10
13540.0
 20
-220.0
 30
0.0
 40
100.0
 41
213.447265625
 71
5
  1
C04
  7
HOUSE_UNICODE
 45
1.2
 90
3
 63
0
  0
LINE
  5
2DB
330
17
100
AcDbEntity
  8
D-STR-WALL
100
AcDbLine
 10
12710.0
 20
30.0
 30
0.0
 11
12590.0
 21
30.0
 31
0.0
  0
LINE
  5
2DC
330
17
100
AcDbEntity
  8
D-STR-WALL
100
AcDbLine
 10
12590.0
 20
30.0
 30
0.0
 11
12590.0
 21
150.0
 31
0.0
  0
LINE
  5
2DD
330
17
100
AcDbEntity
  8
D-STR-WALL
100
AcDbLine
 10
12590.0
 20
150.0
 30
0.0
 11
12710.0
 21
150.0
 31
0.0
  0
LINE
  5
2DE
330
17
100
AcDbEntity
  8
D-STR-WALL
100
AcDbLine
 10
12710.0
 20
150.0
 30
0.0
 11
12710.0
 21
30.0
 31
0.0
  0
MTEXT
  5
2DF
330
17
100
AcDbEntity
  8
D-STR-TXT
100
AcDbMText
 10
12650.0
 20
-220.0
 30
0.0
 40
100.0
 41
213.447265625
 71
5
  1
C05
  7
HOUSE_UNICODE
 45
1.2
 90
3
 63
0
  0
LINE
  5
2E0
330
17
100
AcDbEntity
  8
D-STR-WALL
100
AcDbLine
 10
12115.0
 20
30.0
 30
0.0
 11
11995.0
 21
30.0
 31
0.0
  0
LINE
  5
2E1
330
17
100
AcDbEntity
  8
D-STR-WALL
100
AcDbLine
 10
11995.0
 20
30.0
 30
0.0
 11
11995.0
 21
150.0
 31
0.0
  0
LINE
  5
2E2
330
17
100
AcDbEntity
  8
D-STR-WALL
100
AcDbLine
 10
11995.0
 20
150.0
 30
0.0
 11
12115.0
 21
150.0
 31
0.0
  0
LINE
  5
2E3
330
17
100
AcDbEntity
  8
D-STR-WALL
100
AcDbLine
 10
12115.0
 20
150.0
 30
0.0
 11
12115.0
 21
30.0
 31
0.0
  0
MTEXT
  5
2E4
330
17
100
AcDbEntity
  8
D-STR-TXT
100
AcDbMText
 10
12055.0
 20
-220.0
 30
0.0
 40
100.0
 41
213.447265625
 71
5
  1
C06
  7
HOUSE_UNICODE
 45
1.2
 90
3
 63
0
  0
LINE
  5
2E5
330
17
100
AcDbEntity
  8
D-STR-WALL
100
AcDbLine
 10
9975.0
 20
30.0
 30
0.0
 11
9855.0
 21
30.0
 31
0.0
  0
LINE
  5
2E6
330
17
100
AcDbEntity
  8
D-STR-WALL
100
AcDbLine
 10
9855.0
 20
30.0
 30
0.0
 11
9855.0
 21
150.0
 31
0.0
  0
LINE
  5
2E7
330
17
100
AcDbEntity
  8
D-STR-WALL
100
AcDbLine
 10
9855.0
 20
150.0
 30
0.0
 11
9975.0
 21
150.0
 31
0.0
  0
LINE
  5
2E8
330
17
100
AcDbEntity
  8
D-STR-WALL
100
AcDbLine
 10
9975.0
 20
150.0
 30
0.0
 11
9975.0
 21
30.0
 31
0.0
  0
MTEXT
  5
2E9
330
17
100
AcDbEntity
  8
D-STR-TXT
100
AcDbMText
 10
9915.0
 20
-220.0
 30
0.0
 40
100.0
 41
213.447265625
 71
5
  1
C07
  7
HOUSE_UNICODE
 45
1.2
 90
3
 63
0
  0
LINE
  5
2EA
330
17
100
AcDbEntity
  8
D-STR-WALL
100
AcDbLine
 10
9150.0
 20
30.0
 30
0.0
 11
9030.0
 21
30.0
 31
0.0
  0
LINE
  5
2EB
330
17
100
AcDbEntity
  8
D-STR-WALL
100
AcDbLine
 10
9030.0
 20
30.0
 30
0.0
 11
9030.0
 21
150.0
 31
0.0
  0
LINE
  5
2EC
330
17
100
AcDbEntity
  8
D-STR-WALL
100
AcDbLine
 10
9030.0
 20
150.0
 30
0.0
 11
9150.0
 21
150.0
 31
0.0
  0
LINE
  5
2ED
330
17
100
AcDbEntity
  8
D-STR-WALL
100
AcDbLine
 10
9150.0
 20
150.0
 30
0.0
 11
9150.0
 21
30.0
 31
0.0
  0
MTEXT
  5
2EE
330
17
100
AcDbEntity
  8
D-STR-TXT
100
AcDbMText
 10
9320.0
 20
-220.0
 30
0.0
 40
100.0
 41
213.447265625
 71
5
  1
C08
  7
HOUSE_UNICODE
 45
1.2
 90
3
 63
0
  0
LINE
  5
2EF
330
17
100
AcDbEntity
  8
D-STR-WALL
100
AcDbLine
 10
17160.0
 20
7130.0
 30
0.0
 11
17040.0
 21
7130.0
 31
0.0
  0
LINE
  5
2F0
330
17
100
AcDbEntity
  8
D-STR-WALL
100
AcDbLine
 10
17040.0
 20
7130.0
 30
0.0
 11
17040.0
 21
7250.0
 31
0.0
  0
LINE
  5
2F1
330
17
100
AcDbEntity
  8
D-STR-WALL
100
AcDbLine
 10
17040.0
 20
7250.0
 30
0.0
 11
17160.0
 21
7250.0
 31
0.0
  0
LINE
  5
2F2
330
17
100
AcDbEntity
  8
D-STR-WALL
100
AcDbLine
 10
17160.0
 20
7250.0
 30
0.0
 11
17160.0
 21
7130.0
 31
0.0
  0
MTEXT
  5
2F3
330
17
100
AcDbEntity
  8
D-STR-TXT
100
AcDbMText
 10
16870.0
 20
7510.0
 30
0.0
 40
100.0
 41
213.447265625
 71
5
  1
C09
  7
HOUSE_UNICODE
 45
1.2
 90
3
 63
0
  0
LINE
  5
2F4
330
17
100
AcDbEntity
  8
D-STR-WALL
100
AcDbLine
 10
16665.0
 20
7130.0
 30
0.0
 11
16545.0
 21
7130.0
 31
0.0
  0
LINE
  5
2F5
330
17
100
AcDbEntity
  8
D-STR-WALL
100
AcDbLine
 10
16545.0
 20
7130.0
 30
0.0
 11
16545.0
 21
7250.0
 31
0.0
  0
LINE
  5
2F6
330
17
100
AcDbEntity
  8
D-STR-WALL
100
AcDbLine
 10
16545.0
 20
7250.0
 30
0.0
 11
16665.0
 21
7250.0
 31
0.0
  0
LINE
  5
2F7
330
17
100
AcDbEntity
  8
D-STR-WALL
100
AcDbLine
 10
16665.0
 20
7250.0
 30
0.0
 11
16665.0
 21
7130.0
 31
0.0
  0
MTEXT
  5
2F8
330
17
100
AcDbEntity
  8
D-STR-TXT
100
AcDbMText
 10
16605.0
 20
7510.0
 30
0.0
 40
100.0
 41
213.447265625
 71
5
  1
C10
  7
HOUSE_UNICODE
 45
1.2
 90
3
 63
0
  0
LINE
  5
2F9
330
17
100
AcDbEntity
  8
D-STR-WALL
100
AcDbLine
 10
15885.0
 20
7130.0
 30
0.0
 11
15765.0
 21
7130.0
 31
0.0
  0
LINE
  5
2FA
330
17
100
AcDbEntity
  8
D-STR-WALL
100
AcDbLine
 10
15765.0
 20
7130.0
 30
0.0
 11
15765.0
 21
7250.0
 31
0.0
  0
LINE
  5
2FB
330
17
100
AcDbEntity
  8
D-STR-WALL
100
AcDbLine
 10
15765.0
 20
7250.0
 30
0.0
 11
15885.0
 21
7250.0
 31
0.0
  0
LINE
  5
2FC
330
17
100
AcDbEntity
  8
D-STR-WALL
100
AcDbLine
 10
15885.0
 20
7250.0
 30
0.0
 11
15885.0
 21
7130.0
 31
0.0
  0
MTEXT
  5
2FD
330
17
100
AcDbEntity
  8
D-STR-TXT
100
AcDbMText
 10
15825.0
 20
7510.0
 30
0.0
 40
100.0
 41
213.447265625
 71
5
  1
C11
  7
HOUSE_UNICODE
 45
1.2
 90
3
 63
0
  0
LINE
  5
2FE
330
17
100
AcDbEntity
  8
D-STR-WALL
100
AcDbLine
 10
15380.0
 20
7130.0
 30
0.0
 11
15260.0
 21
7130.0
 31
0.0
  0
LINE
  5
2FF
330
17
100
AcDbEntity
  8
D-STR-WALL
100
AcDbLine
 10
15260.0
 20
7130.0
 30
0.0
 11
15260.0
 21
7250.0
 31
0.0
  0
LINE
  5
300
330
17
100
AcDbEntity
  8
D-STR-WALL
100
AcDbLine
 10
15260.0
 20
7250.0
 30
0.0
 11
15380.0
 21
7250.0
 31
0.0
  0
LINE
  5
301
330
17
100
AcDbEntity
  8
D-STR-WALL
100
AcDbLine
 10
15380.0
 20
7250.0
 30
0.0
 11
15380.0
 21
7130.0
 31
0.0
  0
MTEXT
  5
302
330
17
100
AcDbEntity
  8
D-STR-TXT
100
AcDbMText
 10
15320.0
 20
7510.0
 30
0.0
 40
100.0
 41
213.447265625
 71
5
  1
C12
  7
HOUSE_UNICODE
 45
1.2
 90
3
 63
0
  0
LINE
  5
303
330
17
100
AcDbEntity
  8
D-STR-WALL
100
AcDbLine
 10
14490.0
 20
7130.0
 30
0.0
 11
14370.0
 21
7130.0
 31
0.0
  0
LINE
  5
304
330
17
100
AcDbEntity
  8
D-STR-WALL
100
AcDbLine
 10
14370.0
 20
7130.0
 30
0.0
 11
14370.0
 21
7250.0
 31
0.0
  0
LINE
  5
305
330
17
100
AcDbEntity
  8
D-STR-WALL
100
AcDbLine
 10
14370.0
 20
7250.0
 30
0.0
 11
14490.0
 21
7250.0
 31
0.0
  0
LINE
  5
306
330
17
100
AcDbEntity
  8
D-STR-WALL
100
AcDbLine
 10
14490.0
 20
7250.0
 30
0.0
 11
14490.0
 21
7130.0
 31
0.0
  0
MTEXT
  5
307
330
17
100
AcDbEntity
  8
D-STR-TXT
100
AcDbMText
 10
14430.0
 20
7510.0
 30
0.0
 40
100.0
 41
213.447265625
 71
5
  1
C13
  7
HOUSE_UNICODE
 45
1.2
 90
3
 63
0
  0
LINE
  5
308
330
17
100
AcDbEntity
  8
D-STR-WALL
100
AcDbLine
 10
14315.0
 20
7130.0
 30
0.0
 11
14195.0
 21
7130.0
 31
0.0
  0
LINE
  5
309
330
17
100
AcDbEntity
  8
D-STR-WALL
100
AcDbLine
 10
14195.0
 20
7130.0
 30
0.0
 11
14195.0
 21
7250.0
 31
0.0
  0
LINE
  5
30A
330
17
100
AcDbEntity
  8
D-STR-WALL
100
AcDbLine
 10
14195.0
 20
7250.0
 30
0.0
 11
14315.0
 21
7250.0
 31
0.0
  0
LINE
  5
30B
330
17
100
AcDbEntity
  8
D-STR-WALL
100
AcDbLine
 10
14315.0
 20
7250.0
 30
0.0
 11
14315.0
 21
7130.0
 31
0.0
  0
MTEXT
  5
30C
330
17
100
AcDbEntity
  8
D-STR-TXT
100
AcDbMText
 10
14255.0
 20
7730.0
 30
0.0
 40
100.0
 41
213.447265625
 71
5
  1
C14
  7
HOUSE_UNICODE
 45
1.2
 90
3
 63
0
  0
LINE
  5
30D
330
17
100
AcDbEntity
  8
D-STR-WALL
100
AcDbLine
 10
13285.0
 20
7130.0
 30
0.0
 11
13165.0
 21
7130.0
 31
0.0
  0
LINE
  5
30E
330
17
100
AcDbEntity
  8
D-STR-WALL
100
AcDbLine
 10
13165.0
 20
7130.0
 30
0.0
 11
13165.0
 21
7250.0
 31
0.0
  0
LINE
  5
30F
330
17
100
AcDbEntity
  8
D-STR-WALL
100
AcDbLine
 10
13165.0
 20
7250.0
 30
0.0
 11
13285.0
 21
7250.0
 31
0.0
  0
LINE
  5
310
330
17
100
AcDbEntity
  8
D-STR-WALL
100
AcDbLine
 10
13285.0
 20
7250.0
 30
0.0
 11
13285.0
 21
7130.0
 31
0.0
  0
MTEXT
  5
311
330
17
100
AcDbEntity
  8
D-STR-TXT
100
AcDbMText
 10
13225.0
 20
7510.0
 30
0.0
 40
100.0
 41
213.447265625
 71
5
  1
C15
  7
HOUSE_UNICODE
 45
1.2
 90
3
 63
0
  0
LINE
  5
312
330
17
100
AcDbEntity
  8
D-STR-WALL
100
AcDbLine
 10
12710.0
 20
7130.0
 30
0.0
 11
12590.0
 21
7130.0
 31
0.0
  0
LINE
  5
313
330
17
100
AcDbEntity
  8
D-STR-WALL
100
AcDbLine
 10
12590.0
 20
7130.0
 30
0.0
 11
12590.0
 21
7250.0
 31
0.0
  0
LINE
  5
314
330
17
100
AcDbEntity
  8
D-STR-WALL
100
AcDbLine
 10
12590.0
 20
7250.0
 30
0.0
 11
12710.0
 21
7250.0
 31
0.0
  0
LINE
  5
315
330
17
100
AcDbEntity
  8
D-STR-WALL
100
AcDbLine
 10
12710.0
 20
7250.0
 30
0.0
 11
12710.0
 21
7130.0
 31
0.0
  0
MTEXT
  5
316
330
17
100
AcDbEntity
  8
D-STR-TXT
100
AcDbMText
 10
12650.0
 20
7510.0
 30
0.0
 40
100.0
 41
213.447265625
 71
5
  1
C16
  7
HOUSE_UNICODE
 45
1.2
 90
3
 63
0
  0
LINE
  5
317
330
17
100
AcDbEntity
  8
D-STR-WALL
100
AcDbLine
 10
11985.0
 20
7130.0
 30
0.0
 11
11865.0
 21
7130.0
 31
0.0
  0
LINE
  5
318
330
17
100
AcDbEntity
  8
D-STR-WALL
100
AcDbLine
 10
11865.0
 20
7130.0
 30
0.0
 11
11865.0
 21
7250.0
 31
0.0
  0
LINE
  5
319
330
17
100
AcDbEntity
  8
D-STR-WALL
100
AcDbLine
 10
11865.0
 20
7250.0
 30
0.0
 11
11985.0
 21
7250.0
 31
0.0
  0
LINE
  5
31A
330
17
100
AcDbEntity
  8
D-STR-WALL
100
AcDbLine
 10
11985.0
 20
7250.0
 30
0.0
 11
11985.0
 21
7130.0
 31
0.0
  0
MTEXT
  5
31B
330
17
100
AcDbEntity
  8
D-STR-TXT
100
AcDbMText
 10
11925.0
 20
7510.0
 30
0.0
 40
100.0
 41
213.447265625
 71
5
  1
C17
  7
HOUSE_UNICODE
 45
1.2
 90
3
 63
0
  0
LINE
  5
31C
330
17
100
AcDbEntity
  8
D-STR-WALL
100
AcDbLine
 10
11405.0
 20
7130.0
 30
0.0
 11
11285.0
 21
7130.0
 31
0.0
  0
LINE
  5
31D
330
17
100
AcDbEntity
  8
D-STR-WALL
100
AcDbLine
 10
11285.0
 20
7130.0
 30
0.0
 11
11285.0
 21
7250.0
 31
0.0
  0
LINE
  5
31E
330
17
100
AcDbEntity
  8
D-STR-WALL
100
AcDbLine
 10
11285.0
 20
7250.0
 30
0.0
 11
11405.0
 21
7250.0
 31
0.0
  0
LINE
  5
31F
330
17
100
AcDbEntity
  8
D-STR-WALL
100
AcDbLine
 10
11405.0
 20
7250.0
 30
0.0
 11
11405.0
 21
7130.0
 31
0.0
  0
MTEXT
  5
320
330
17
100
AcDbEntity
  8
D-STR-TXT
100
AcDbMText
 10
11345.0
 20
7510.0
 30
0.0
 40
100.0
 41
213.447265625
 71
5
  1
C18
  7
HOUSE_UNICODE
 45
1.2
 90
3
 63
0
  0
LINE
  5
321
330
17
100
AcDbEntity
  8
D-STR-WALL
100
AcDbLine
 10
10930.0
 20
7130.0
 30
0.0
 11
10810.0
 21
7130.0
 31
0.0
  0
LINE
  5
322
330
17
100
AcDbEntity
  8
D-STR-WALL
100
AcDbLine
 10
10810.0
 20
7130.0
 30
0.0
 11
10810.0
 21
7250.0
 31
0.0
  0
LINE
  5
323
330
17
100
AcDbEntity
  8
D-STR-WALL
100
AcDbLine
 10
10810.0
 20
7250.0
 30
0.0
 11
10930.0
 21
7250.0
 31
0.0
  0
LINE
  5
324
330
17
100
AcDbEntity
  8
D-STR-WALL
100
AcDbLine
 10
10930.0
 20
7250.0
 30
0.0
 11
10930.0
 21
7130.0
 31
0.0
  0
MTEXT
  5
325
330
17
100
AcDbEntity
  8
D-STR-TXT
100
AcDbMText
 10
10870.0
 20
7510.0
 30
0.0
 40
100.0
 41
213.447265625
 71
5
  1
C19
  7
HOUSE_UNICODE
 45
1.2
 90
3
 63
0
  0
LINE
  5
326
330
17
100
AcDbEntity
  8
D-STR-WALL
100
AcDbLine
 10
10040.0
 20
7130.0
 30
0.0
 11
9920.0
 21
7130.0
 31
0.0
  0
LINE
  5
327
330
17
100
AcDbEntity
  8
D-STR-WALL
100
AcDbLine
 10
9920.0
 20
7130.0
 30
0.0
 11
9920.0
 21
7250.0
 31
0.0
  0
LINE
  5
328
330
17
100
AcDbEntity
  8
D-STR-WALL
100
AcDbLine
 10
9920.0
 20
7250.0
 30
0.0
 11
10040.0
 21
7250.0
 31
0.0
  0
LINE
  5
329
330
17
100
AcDbEntity
  8
D-STR-WALL
100
AcDbLine
 10
10040.0
 20
7250.0
 30
0.0
 11
10040.0
 21
7130.0
 31
0.0
  0
MTEXT
  5
32A
330
17
100
AcDbEntity
  8
D-STR-TXT
100
AcDbMText
 10
9980.0
 20
7510.0
 30
0.0
 40
100.0
 41
213.447265625
 71
5
  1
C20
  7
HOUSE_UNICODE
 45
1.2
 90
3
 63
0
  0
LINE
  5
32B
330
17
100
AcDbEntity
  8
D-STR-WALL
100
AcDbLine
 10
9150.0
 20
7130.0
 30
0.0
 11
9030.0
 21
7130.0
 31
0.0
  0
LINE
  5
32C
330
17
100
AcDbEntity
  8
D-STR-WALL
100
AcDbLine
 10
9030.0
 20
7130.0
 30
0.0
 11
9030.0
 21
7250.0
 31
0.0
  0
LINE
  5
32D
330
17
100
AcDbEntity
  8
D-STR-WALL
100
AcDbLine
 10
9030.0
 20
7250.0
 30
0.0
 11
9150.0
 21
7250.0
 31
0.0
  0
LINE
  5
32E
330
17
100
AcDbEntity
  8
D-STR-WALL
100
AcDbLine
 10
9150.0
 20
7250.0
 30
0.0
 11
9150.0
 21
7130.0
 31
0.0
  0
MTEXT
  5
32F
330
17
100
AcDbEntity
  8
D-STR-TXT
100
AcDbMText
 10
9320.0
 20
7510.0
 30
0.0
 40
100.0
 41
213.447265625
 71
5
  1
C21
  7
HOUSE_UNICODE
 45
1.2
 90
3
 63
0
  0
LINE
  5
330
330
17
100
AcDbEntity
  8
D-STR-WALL
100
AcDbLine
 10
17160.0
 20
575.0
 30
0.0
 11
17040.0
 21
575.0
 31
0.0
  0
LINE
  5
331
330
17
100
AcDbEntity
  8
D-STR-WALL
100
AcDbLine
 10
17040.0
 20
575.0
 30
0.0
 11
17040.0
 21
695.0
 31
0.0
  0
LINE
  5
332
330
17
100
AcDbEntity
  8
D-STR-WALL
100
AcDbLine
 10
17040.0
 20
695.0
 30
0.0
 11
17160.0
 21
695.0
 31
0.0
  0
LINE
  5
333
330
17
100
AcDbEntity
  8
D-STR-WALL
100
AcDbLine
 10
17160.0
 20
695.0
 30
0.0
 11
17160.0
 21
575.0
 31
0.0
  0
MTEXT
  5
334
330
17
100
AcDbEntity
  8
D-STR-TXT
100
AcDbMText
 10
16870.0
 20
215.0
 30
0.0
 40
100.0
 41
213.447265625
 71
5
  1
C22
  7
HOUSE_UNICODE
 45
1.2
 90
3
 63
0
  0
LINE
  5
335
330
17
100
AcDbEntity
  8
D-STR-WALL
100
AcDbLine
 10
17160.0
 20
3505.0
 30
0.0
 11
17040.0
 21
3505.0
 31
0.0
  0
LINE
  5
336
330
17
100
AcDbEntity
  8
D-STR-WALL
100
AcDbLine
 10
17040.0
 20
3505.0
 30
0.0
 11
17040.0
 21
3625.0
 31
0.0
  0
LINE
  5
337
330
17
100
AcDbEntity
  8
D-STR-WALL
100
AcDbLine
 10
17040.0
 20
3625.0
 30
0.0
 11
17160.0
 21
3625.0
 31
0.0
  0
LINE
  5
338
330
17
100
AcDbEntity
  8
D-STR-WALL
100
AcDbLine
 10
17160.0
 20
3625.0
 30
0.0
 11
17160.0
 21
3505.0
 31
0.0
  0
MTEXT
  5
339
330
17
100
AcDbEntity
  8
D-STR-TXT
100
AcDbMText
 10
16870.0
 20
3765.0
 30
0.0
 40
100.0
 41
213.447265625
 71
5
  1
C23
  7
HOUSE_UNICODE
 45
1.2
 90
3
 63
0
  0
LINE
  5
33A
330
17
100
AcDbEntity
  8
D-STR-WALL
100
AcDbLine
 10
17160.0
 20
4467.5
 30
0.0
 11
17040.0
 21
4467.5
 31
0.0
  0
LINE
  5
33B
330
17
100
AcDbEntity
  8
D-STR-WALL
100
AcDbLine
 10
17040.0
 20
4467.5
 30
0.0
 11
17040.0
 21
4587.5
 31
0.0
  0
LINE
  5
33C
330
17
100
AcDbEntity
  8
D-STR-WALL
100
AcDbLine
 10
17040.0
 20
4587.5
 30
0.0
 11
17160.0
 21
4587.5
 31
0.0
  0
LINE
  5
33D
330
17
100
AcDbEntity
  8
D-STR-WALL
100
AcDbLine
 10
17160.0
 20
4587.5
 30
0.0
 11
17160.0
 21
4467.5
 31
0.0
  0
MTEXT
  5
33E
330
17
100
AcDbEntity
  8
D-STR-TXT
100
AcDbMText
 10
16870.0
 20
4327.5
 30
0.0
 40
100.0
 41
213.447265625
 71
5
  1
C24
  7
HOUSE_UNICODE
 45
1.2
 90
3
 63
0
  0
LINE
  5
33F
330
17
100
AcDbEntity
  8
D-STR-WALL
100
AcDbLine
 10
17160.0
 20
4875.0
 30
0.0
 11
17040.0
 21
4875.0
 31
0.0
  0
LINE
  5
340
330
17
100
AcDbEntity
  8
D-STR-WALL
100
AcDbLine
 10
17040.0
 20
4875.0
 30
0.0
 11
17040.0
 21
4995.0
 31
0.0
  0
LINE
  5
341
330
17
100
AcDbEntity
  8
D-STR-WALL
100
AcDbLine
 10
17040.0
 20
4995.0
 30
0.0
 11
17160.0
 21
4995.0
 31
0.0
  0
LINE
  5
342
330
17
100
AcDbEntity
  8
D-STR-WALL
100
AcDbLine
 10
17160.0
 20
4995.0
 30
0.0
 11
17160.0
 21
4875.0
 31
0.0
  0
MTEXT
  5
343
330
17
100
AcDbEntity
  8
D-STR-TXT
100
AcDbMText
 10
16870.0
 20
5135.0
 30
0.0
 40
100.0
 41
213.447265625
 71
5
  1
C25
  7
HOUSE_UNICODE
 45
1.2
 90
3
 63
0
  0
LINE
  5
344
330
17
100
AcDbEntity
  8
D-STR-WALL
100
AcDbLine
 10
17160.0
 20
6805.0
 30
0.0
 11
17040.0
 21
6805.0
 31
0.0
  0
LINE
  5
345
330
17
100
AcDbEntity
  8
D-STR-WALL
100
AcDbLine
 10
17040.0
 20
6805.0
 30
0.0
 11
17040.0
 21
6925.0
 31
0.0
  0
LINE
  5
346
330
17
100
AcDbEntity
  8
D-STR-WALL
100
AcDbLine
 10
17040.0
 20
6925.0
 30
0.0
 11
17160.0
 21
6925.0
 31
0.0
  0
LINE
  5
347
330
17
100
AcDbEntity
  8
D-STR-WALL
100
AcDbLine
 10
17160.0
 20
6925.0
 30
0.0
 11
17160.0
 21
6805.0
 31
0.0
  0
MTEXT
  5
348
330
17
100
AcDbEntity
  8
D-STR-TXT
100
AcDbMText
 10
16870.0
 20
6665.0
 30
0.0
 40
100.0
 41
213.447265625
 71
5
  1
C26
  7
HOUSE_UNICODE
 45
1.2
 90
3
 63
0
  0
LINE
  5
349
330
17
100
AcDbEntity
  8
D-STR-WALL
100
AcDbLine
 10
9150.0
 20
917.5
 30
0.0
 11
9030.0
 21
917.5
 31
0.0
  0
LINE
  5
34A
330
17
100
AcDbEntity
  8
D-STR-WALL
100
AcDbLine
 10
9030.0
 20
917.5
 30
0.0
 11
9030.0
 21
1037.5
 31
0.0
  0
LINE
  5
34B
330
17
100
AcDbEntity
  8
D-STR-WALL
100
AcDbLine
 10
9030.0
 20
1037.5
 30
0.0
 11
9150.0
 21
1037.5
 31
0.0
  0
LINE
  5
34C
330
17
100
AcDbEntity
  8
D-STR-WALL
100
AcDbLine
 10
9150.0
 20
1037.5
 30
0.0
 11
9150.0
 21
917.5
 31
0.0
  0
MTEXT
  5
34D
330
17
100
AcDbEntity
  8
D-STR-TXT
100
AcDbMText
 10
9320.0
 20
1177.5
 30
0.0
 40
100.0
 41
213.447265625
 71
5
  1
C27
  7
HOUSE_UNICODE
 45
1.2
 90
3
 63
0
  0
LINE
  5
34E
330
17
100
AcDbEntity
  8
D-STR-WALL
100
AcDbLine
 10
9150.0
 20
1805.0
 30
0.0
 11
9030.0
 21
1805.0
 31
0.0
  0
LINE
  5
34F
330
17
100
AcDbEntity
  8
D-STR-WALL
100
AcDbLine
 10
9030.0
 20
1805.0
 30
0.0
 11
9030.0
 21
1925.0
 31
0.0
  0
LINE
  5
350
330
17
100
AcDbEntity
  8
D-STR-WALL
100
AcDbLine
 10
9030.0
 20
1925.0
 30
0.0
 11
9150.0
 21
1925.0
 31
0.0
  0
LINE
  5
351
330
17
100
AcDbEntity
  8
D-STR-WALL
100
AcDbLine
 10
9150.0
 20
1925.0
 30
0.0
 11
9150.0
 21
1805.0
 31
0.0
  0
MTEXT
  5
352
330
17
100
AcDbEntity
  8
D-STR-TXT
100
AcDbMText
 10
9320.0
 20
1665.0
 30
0.0
 40
100.0
 41
213.447265625
 71
5
  1
C28
  7
HOUSE_UNICODE
 45
1.2
 90
3
 63
0
  0
LINE
  5
353
330
17
100
AcDbEntity
  8
D-STR-WALL
100
AcDbLine
 10
9150.0
 20
2692.5
 30
0.0
 11
9030.0
 21
2692.5
 31
0.0
  0
LINE
  5
354
330
17
100
AcDbEntity
  8
D-STR-WALL
100
AcDbLine
 10
9030.0
 20
2692.5
 30
0.0
 11
9030.0
 21
2812.5
 31
0.0
  0
LINE
  5
355
330
17
100
AcDbEntity
  8
D-STR-WALL
100
AcDbLine
 10
9030.0
 20
2812.5
 30
0.0
 11
9150.0
 21
2812.5
 31
0.0
  0
LINE
  5
356
330
17
100
AcDbEntity
  8
D-STR-WALL
100
AcDbLine
 10
9150.0
 20
2812.5
 30
0.0
 11
9150.0
 21
2692.5
 31
0.0
  0
MTEXT
  5
357
330
17
100
AcDbEntity
  8
D-STR-TXT
100
AcDbMText
 10
9320.0
 20
2952.5
 30
0.0
 40
100.0
 41
213.447265625
 71
5
  1
C29
  7
HOUSE_UNICODE
 45
1.2
 90
3
 63
0
  0
LINE
  5
358
330
17
100
AcDbEntity
  8
D-STR-WALL
100
AcDbLine
 10
9150.0
 20
3580.0
 30
0.0
 11
9030.0
 21
3580.0
 31
0.0
  0
LINE
  5
359
330
17
100
AcDbEntity
  8
D-STR-WALL
100
AcDbLine
 10
9030.0
 20
3580.0
 30
0.0
 11
9030.0
 21
3700.0
 31
0.0
  0
LINE
  5
35A
330
17
100
AcDbEntity
  8
D-STR-WALL
100
AcDbLine
 10
9030.0
 20
3700.0
 30
0.0
 11
9150.0
 21
3700.0
 31
0.0
  0
LINE
  5
35B
330
17
100
AcDbEntity
  8
D-STR-WALL
100
AcDbLine
 10
9150.0
 20
3700.0
 30
0.0
 11
9150.0
 21
3580.0
 31
0.0
  0
MTEXT
  5
35C
330
17
100
AcDbEntity
  8
D-STR-TXT
100
AcDbMText
 10
9320.0
 20
3440.0
 30
0.0
 40
100.0
 41
213.447265625
 71
5
  1
C30
  7
HOUSE_UNICODE
 45
1.2
 90
3
 63
0
  0
LINE
  5
35D
330
17
100
AcDbEntity
  8
D-STR-WALL
100
AcDbLine
 10
9150.0
 20
4467.5
 30
0.0
 11
9030.0
 21
4467.5
 31
0.0
  0
LINE
  5
35E
330
17
100
AcDbEntity
  8
D-STR-WALL
100
AcDbLine
 10
9030.0
 20
4467.5
 30
0.0
 11
9030.0
 21
4587.5
 31
0.0
  0
LINE
  5
35F
330
17
100
AcDbEntity
  8
D-STR-WALL
100
AcDbLine
 10
9030.0
 20
4587.5
 30
0.0
 11
9150.0
 21
4587.5
 31
0.0
  0
LINE
  5
360
330
17
100
AcDbEntity
  8
D-STR-WALL
100
AcDbLine
 10
9150.0
 20
4587.5
 30
0.0
 11
9150.0
 21
4467.5
 31
0.0
  0
MTEXT
  5
361
330
17
100
AcDbEntity
  8
D-STR-TXT
100
AcDbMText
 10
9320.0
 20
4727.5
 30
0.0
 40
100.0
 41
213.447265625
 71
5
  1
C31
  7
HOUSE_UNICODE
 45
1.2
 90
3
 63
0
  0
LINE
  5
362
330
17
100
AcDbEntity
  8
D-STR-WALL
100
AcDbLine
 10
9150.0
 20
5355.0
 30
0.0
 11
9030.0
 21
5355.0
 31
0.0
  0
LINE
  5
363
330
17
100
AcDbEntity
  8
D-STR-WALL
100
AcDbLine
 10
9030.0
 20
5355.0
 30
0.0
 11
9030.0
 21
5475.0
 31
0.0
  0
LINE
  5
364
330
17
100
AcDbEntity
  8
D-STR-WALL
100
AcDbLine
 10
9030.0
 20
5475.0
 30
0.0
 11
9150.0
 21
5475.0
 31
0.0
  0
LINE
  5
365
330
17
100
AcDbEntity
  8
D-STR-WALL
100
AcDbLine
 10
9150.0
 20
5475.0
 30
0.0
 11
9150.0
 21
5355.0
 31
0.0
  0
MTEXT
  5
366
330
17
100
AcDbEntity
  8
D-STR-TXT
100
AcDbMText
 10
9320.0
 20
5215.0
 30
0.0
 40
100.0
 41
213.447265625
 71
5
  1
C32
  7
HOUSE_UNICODE
 45
1.2
 90
3
 63
0
  0
LINE
  5
367
330
17
100
AcDbEntity
  8
D-STR-WALL
100
AcDbLine
 10
9150.0
 20
6075.0
 30
0.0
 11
9030.0
 21
6075.0
 31
0.0
  0
LINE
  5
368
330
17
100
AcDbEntity
  8
D-STR-WALL
100
AcDbLine
 10
9030.0
 20
6075.0
 30
0.0
 11
9030.0
 21
6195.0
 31
0.0
  0
LINE
  5
369
330
17
100
AcDbEntity
  8
D-STR-WALL
100
AcDbLine
 10
9030.0
 20
6195.0
 30
0.0
 11
9150.0
 21
6195.0
 31
0.0
  0
LINE
  5
36A
330
17
100
AcDbEntity
  8
D-STR-WALL
100
AcDbLine
 10
9150.0
 20
6195.0
 30
0.0
 11
9150.0
 21
6075.0
 31
0.0
  0
MTEXT
  5
36B
330
17
100
AcDbEntity
  8
D-STR-TXT
100
AcDbMText
 10
9320.0
 20
6335.0
 30
0.0
 40
100.0
 41
213.447265625
 71
5
  1
C33
  7
HOUSE_UNICODE
 45
1.2
 90
3
 63
0
  0
LINE
  5
36C
330
17
100
AcDbEntity
  8
D-STR-WALL
100
AcDbLine
 10
9150.0
 20
6805.0
 30
0.0
 11
9030.0
 21
6805.0
 31
0.0
  0
LINE
  5
36D
330
17
100
AcDbEntity
  8
D-STR-WALL
100
AcDbLine
 10
9030.0
 20
6805.0
 30
0.0
 11
9030.0
 21
6925.0
 31
0.0
  0
LINE
  5
36E
330
17
100
AcDbEntity
  8
D-STR-WALL
100
AcDbLine
 10
9030.0
 20
6925.0
 30
0.0
 11
9150.0
 21
6925.0
 31
0.0
  0
LINE
  5
36F
330
17
100
AcDbEntity
  8
D-STR-WALL
100
AcDbLine
 10
9150.0
 20
6925.0
 30
0.0
 11
9150.0
 21
6805.0
 31
0.0
  0
MTEXT
  5
370
330
17
100
AcDbEntity
  8
D-STR-TXT
100
AcDbMText
 10
9320.0
 20
6665.0
 30
0.0
 40
100.0
 41
213.447265625
 71
5
  1
C34
  7
HOUSE_UNICODE
 45
1.2
 90
3
 63
0
  0
LINE
  5
371
330
17
100
AcDbEntity
  8
D-STR-WALL
100
AcDbLine
 10
12175.0
 20
5325.0
 30
0.0
 11
12085.0
 21
5325.0
 31
0.0
  0
LINE
  5
372
330
17
100
AcDbEntity
  8
D-STR-WALL
100
AcDbLine
 10
12085.0
 20
5325.0
 30
0.0
 11
12085.0
 21
5415.0
 31
0.0
  0
LINE
  5
373
330
17
100
AcDbEntity
  8
D-STR-WALL
100
AcDbLine
 10
12085.0
 20
5415.0
 30
0.0
 11
12175.0
 21
5415.0
 31
0.0
  0
LINE
  5
374
330
17
100
AcDbEntity
  8
D-STR-WALL
100
AcDbLine
 10
12175.0
 20
5415.0
 30
0.0
 11
12175.0
 21
5325.0
 31
0.0
  0
MTEXT
  5
375
330
17
100
AcDbEntity
  8
D-STR-TXT
100
AcDbMText
 10
12130.0
 20
5570.0
 30
0.0
 40
100.0
 41
213.447265625
 71
5
  1
C35
  7
HOUSE_UNICODE
 45
1.2
 90
3
 63
0
  0
LINE
  5
376
330
17
100
AcDbEntity
  8
D-STR-WALL
100
AcDbLine
 10
12175.0
 20
6235.0
 30
0.0
 11
12085.0
 21
6235.0
 31
0.0
  0
LINE
  5
377
330
17
100
AcDbEntity
  8
D-STR-WALL
100
AcDbLine
 10
12085.0
 20
6235.0
 30
0.0
 11
12085.0
 21
6325.0
 31
0.0
  0
LINE
  5
378
330
17
100
AcDbEntity
  8
D-STR-WALL
100
AcDbLine
 10
12085.0
 20
6325.0
 30
0.0
 11
12175.0
 21
6325.0
 31
0.0
  0
LINE
  5
379
330
17
100
AcDbEntity
  8
D-STR-WALL
100
AcDbLine
 10
12175.0
 20
6325.0
 30
0.0
 11
12175.0
 21
6235.0
 31
0.0
  0
MTEXT
  5
37A
330
17
100
AcDbEntity
  8
D-STR-TXT
100
AcDbMText
 10
12130.0
 20
6080.0
 30
0.0
 40
100.0
 41
213.447265625
 71
5
  1
C36
  7
HOUSE_UNICODE
 45
1.2
 90
3
 63
0
  0
LINE
  5
37B
330
17
100
AcDbEntity
  8
D-STR-WALL
100
AcDbLine
 10
12190.0
 20
7130.0
 30
0.0
 11
12070.0
 21
7130.0
 31
0.0
  0
LINE
  5
37C
330
17
100
AcDbEntity
  8
D-STR-WALL
100
AcDbLine
 10
12070.0
 20
7130.0
 30
0.0
 11
12070.0
 21
7250.0
 31
0.0
  0
LINE
  5
37D
330
17
100
AcDbEntity
  8
D-STR-WALL
100
AcDbLine
 10
12070.0
 20
7250.0
 30
0.0
 11
12190.0
 21
7250.0
 31
0.0
  0
LINE
  5
37E
330
17
100
AcDbEntity
  8
D-STR-WALL
100
AcDbLine
 10
12190.0
 20
7250.0
 30
0.0
 11
12190.0
 21
7130.0
 31
0.0
  0
MTEXT
  5
37F
330
17
100
AcDbEntity
  8
D-STR-TXT
100
AcDbMText
 10
12130.0
 20
7730.0
 30
0.0
 40
100.0
 41
213.447265625
 71
5
  1
C37
  7
HOUSE_UNICODE
 45
1.2
 90
3
 63
0
  0
LINE
  5
380
330
17
100
AcDbEntity
  8
D-STR-WALL
100
AcDbLine
 10
11175.0
 20
4415.0
 30
0.0
 11
11085.0
 21
4415.0
 31
0.0
  0
LINE
  5
381
330
17
100
AcDbEntity
  8
D-STR-WALL
100
AcDbLine
 10
11085.0
 20
4415.0
 30
0.0
 11
11085.0
 21
4505.0
 31
0.0
  0
LINE
  5
382
330
17
100
AcDbEntity
  8
D-STR-WALL
100
AcDbLine
 10
11085.0
 20
4505.0
 30
0.0
 11
11175.0
 21
4505.0
 31
0.0
  0
LINE
  5
383
330
17
100
AcDbEntity
  8
D-STR-WALL
100
AcDbLine
 10
11175.0
 20
4505.0
 30
0.0
 11
11175.0
 21
4415.0
 31
0.0
  0
MTEXT
  5
384
330
17
100
AcDbEntity
  8
D-STR-TXT
100
AcDbMText
 10
11130.0
 20
4260.0
 30
0.0
 40
100.0
 41
213.447265625
 71
5
  1
C38
  7
HOUSE_UNICODE
 45
1.2
 90
3
 63
0
  0
LINE
  5
385
330
17
100
AcDbEntity
  8
D-STR-WALL
100
AcDbLine
 10
11175.0
 20
5325.0
 30
0.0
 11
11085.0
 21
5325.0
 31
0.0
  0
LINE
  5
386
330
17
100
AcDbEntity
  8
D-STR-WALL
100
AcDbLine
 10
11085.0
 20
5325.0
 30
0.0
 11
11085.0
 21
5415.0
 31
0.0
  0
LINE
  5
387
330
17
100
AcDbEntity
  8
D-STR-WALL
100
AcDbLine
 10
11085.0
 20
5415.0
 30
0.0
 11
11175.0
 21
5415.0
 31
0.0
  0
LINE
  5
388
330
17
100
AcDbEntity
  8
D-STR-WALL
100
AcDbLine
 10
11175.0
 20
5415.0
 30
0.0
 11
11175.0
 21
5325.0
 31
0.0
  0
MTEXT
  5
389
330
17
100
AcDbEntity
  8
D-STR-TXT
100
AcDbMText
 10
11130.0
 20
5570.0
 30
0.0
 40
100.0
 41
213.447265625
 71
5
  1
C39
  7
HOUSE_UNICODE
 45
1.2
 90
3
 63
0
  0
LINE
  5
38A
330
17
100
AcDbEntity
  8
D-STR-WALL
100
AcDbLine
 10
11175.0
 20
6235.0
 30
0.0
 11
11085.0
 21
6235.0
 31
0.0
  0
LINE
  5
38B
330
17
100
AcDbEntity
  8
D-STR-WALL
100
AcDbLine
 10
11085.0
 20
6235.0
 30
0.0
 11
11085.0
 21
6325.0
 31
0.0
  0
LINE
  5
38C
330
17
100
AcDbEntity
  8
D-STR-WALL
100
AcDbLine
 10
11085.0
 20
6325.0
 30
0.0
 11
11175.0
 21
6325.0
 31
0.0
  0
LINE
  5
38D
330
17
100
AcDbEntity
  8
D-STR-WALL
100
AcDbLine
 10
11175.0
 20
6325.0
 30
0.0
 11
11175.0
 21
6235.0
 31
0.0
  0
MTEXT
  5
38E
330
17
100
AcDbEntity
  8
D-STR-TXT
100
AcDbMText
 10
11130.0
 20
6080.0
 30
0.0
 40
100.0
 41
213.447265625
 71
5
  1
C40
  7
HOUSE_UNICODE
 45
1.2
 90
3
 63
0
  0
LINE
  5
38F
330
17
100
AcDbEntity
  8
D-STR-WALL
100
AcDbLine
 10
11190.0
 20
7130.0
 30
0.0
 11
11070.0
 21
7130.0
 31
0.0
  0
LINE
  5
390
330
17
100
AcDbEntity
  8
D-STR-WALL
100
AcDbLine
 10
11070.0
 20
7130.0
 30
0.0
 11
11070.0
 21
7250.0
 31
0.0
  0
LINE
  5
391
330
17
100
AcDbEntity
  8
D-STR-WALL
100
AcDbLine
 10
11070.0
 20
7250.0
 30
0.0
 11
11190.0
 21
7250.0
 31
0.0
  0
LINE
  5
392
330
17
100
AcDbEntity
  8
D-STR-WALL
100
AcDbLine
 10
11190.0
 20
7250.0
 30
0.0
 11
11190.0
 21
7130.0
 31
0.0
  0
MTEXT
  5
393
330
17
100
AcDbEntity
  8
D-STR-TXT
100
AcDbMText
 10
11130.0
 20
7730.0
 30
0.0
 40
100.0
 41
213.447265625
 71
5
  1
C41
  7
HOUSE_UNICODE
 45
1.2
 90
3
 63
0
  0
LINE
  5
394
330
17
100
AcDbEntity
  8
D-STR-WALL
100
AcDbLine
 10
10175.0
 20
4285.0
 30
0.0
 11
10085.0
 21
4285.0
 31
0.0
  0
LINE
  5
395
330
17
100
AcDbEntity
  8
D-STR-WALL
100
AcDbLine
 10
10085.0
 20
4285.0
 30
0.0
 11
10085.0
 21
4375.0
 31
0.0
  0
LINE
  5
396
330
17
100
AcDbEntity
  8
D-STR-WALL
100
AcDbLine
 10
10085.0
 20
4375.0
 30
0.0
 11
10175.0
 21
4375.0
 31
0.0
  0
LINE
  5
397
330
17
100
AcDbEntity
  8
D-STR-WALL
100
AcDbLine
 10
10175.0
 20
4375.0
 30
0.0
 11
10175.0
 21
4285.0
 31
0.0
  0
MTEXT
  5
398
330
17
100
AcDbEntity
  8
D-STR-TXT
100
AcDbMText
 10
10130.0
 20
4130.0
 30
0.0
 40
100.0
 41
213.447265625
 71
5
  1
C42
  7
HOUSE_UNICODE
 45
1.2
 90
3
 63
0
  0
DIMENSION
  5
399
330
17
100
AcDbEntity
  8
D-STR-DIM
100
AcDbDimension
280
0
  2
*D3
  3
EZDXF
 10
9000.0
 20
8250.0
 30
0.0
 11
13095.0
 21
8387.5
 31
0.0
 70
32
 71
5
  1
<>
100
AcDbAlignedDimension
 13
9000.0
 23
7280.0
 33
0.0
 14
17190.0
 24
7280.0
 34
0.0
 50
0.0
100
AcDbRotatedDimension
1001
ACAD
1000
DSTYLE
1002
{
1070
140
1040
125.0
1070
41
1040
100.0
1070
147
1040
75.0
1070
42
1040
75.0
1070
44
1040
75.0
1070
176
1070
7
1070
177
1070
7
1070
178
1070
7
1070
371
1070
13
1070
372
1070
13
1070
271
1070
0
1070
77
1070
1
1070
144
1040
1.0
1070
277
1070
2
1070
342
1005
0
1070
340
1005
8A
1002
}
  0
DIMENSION
  5
3A8
330
17
100
AcDbEntity
  8
D-STR-DIM
100
AcDbDimension
280
0
  2
*D4
  3
EZDXF
 10
17890.0
 20
0.0
 30
0.0
 11
17752.5
 21
3640.0
 31
0.0
 70
32
 71
5
  1
<>
100
AcDbAlignedDimension
 13
17190.0
 23
0.0
 33
0.0
 14
17190.0
 24
7280.0
 34
0.0
 50
90.0
100
AcDbRotatedDimension
1001
ACAD
1000
DSTYLE
1002
{
1070
140
1040
125.0
1070
41
1040
100.0
1070
147
1040
75.0
1070
42
1040
75.0
1070
44
1040
75.0
1070
176
1070
7
1070
177
1070
7
1070
178
1070
7
1070
371
1070
13
1070
372
1070
13
1070
271
1070
0
1070
77
1070
1
1070
144
1040
1.0
1070
277
1070
2
1070
342
1005
0
1070
340
1005
8A
1002
}
  0
TEXT
  5
3B7
330
17
100
AcDbEntity
  8
D-STR-TXT
100
AcDbText
 10
13550.0
 20
-650.0
 30
0.0
 40
100.0
  1
柱: 外周120角 / 内部90角 / 梁: 120・90・180 × H300
  7
HOUSE_UNICODE
 72
1
 11
13550.0
 21
-650.0
 31
0.0
100
AcDbText
 73
2
  0
TEXT
  5
3B8
330
17
100
AcDbEntity
  8
D-STR-TXT
100
AcDbText
 10
13550.0
 20
-950.0
 30
0.0
 40
100.0
  1
断面寸法はデモ入力。材種・等級・壁倍率・接合耐力は未設定。
  7
HOUSE_UNICODE
 72
1
 11
13550.0
 21
-950.0
 31
0.0
100
AcDbText
 73
2
  0
TEXT
  5
3B9
330
17
100
AcDbEntity
  8
D-STR-TXT
100
AcDbText
 10
0.0
 20
10800.0
 30
0.0
 40
250.0
  1
木造軸組 候補構造図 / R20
  7
HOUSE_UNICODE
 11
0.0
 21
10800.0
 31
0.0
100
AcDbText
 73
2
  0
TEXT
  5
3BA
330
17
100
AcDbEntity
  8
D-STR-TXT
100
AcDbText
 10
0.0
 20
10300.0
 30
0.0
 40
125.0
  1
単位 mm / A3 / 確認済み平面を保持 / 演示方案・構造計算未実施 / 2026-10-07
  7
HOUSE_UNICODE
 11
0.0
 21
10300.0
 31
0.0
100
AcDbText
 73
2
  0
TEXT
  5
3BB
330
17
100
AcDbEntity
  8
D-STR-TXT
100
AcDbText
 10
0.0
 20
-1400.0
 30
0.0
 40
105.0
  1
C：柱 / B：梁 / BW：耐力壁候補（倍率未設定）。必要壁量・偏心・耐震等級を示さない。
  7
HOUSE_UNICODE
 11
0.0
 21
-1400.0
 31
0.0
100
AcDbText
 73
2
  0
TEXT
  5
3BC
330
17
100
AcDbEntity
  8
D-STR-TXT
100
AcDbText
 10
0.0
 20
-1640.0
 30
0.0
 40
105.0
  1
B05：LDK上部の長スパン梁候補。2階壁荷重・たわみ・接合部を含め再設計が必要。
  7
HOUSE_UNICODE
 11
0.0
 21
-1640.0
 31
0.0
100
AcDbText
 73
2
  0
TEXT
  5
3BD
330
17
100
AcDbEntity
  8
D-STR-TXT
100
AcDbText
 10
0.0
 20
-1880.0
 30
0.0
 40
105.0
  1
柱位置は両階の閉じた壁内。検修口下はB12〜B14で幾何調整。部材・接合耐力は未計算。
  7
HOUSE_UNICODE
 11
0.0
 21
-1880.0
 31
0.0
100
AcDbText
 73
2
  0
TEXT
  5
3C5
330
17
100
AcDbEntity
  8
D-STR-TXT
100
AcDbText
 10
0.0
 20
28800.0
 30
0.0
 40
375.0
  1
基礎支持線・小屋裏床組 候補図 / R20
  7
HOUSE_UNICODE
 11
0.0
 21
28800.0
 31
0.0
100
AcDbText
 73
2
  0
TEXT
  5
3C6
330
17
100
AcDbEntity
  8
D-STR-TXT
100
AcDbText
 10
0.0
 20
28000.0
 30
0.0
 40
187.5
  1
単位 mm / A3 / 平面・断面1:75 / 基礎参考断面のみ1:25 / 全寸法はデモ入力
  7
HOUSE_UNICODE
 11
0.0
 21
28000.0
 31
0.0
100
AcDbText
 73
2
  0
TEXT
  5
3C7
330
17
100
AcDbEntity
  8
D-STR-TXT
100
AcDbText
 10
3640.0
 20
26500.0
 30
0.0
 40
262.5
  1
01 基礎支持線候補 / 1:75
  7
HOUSE_UNICODE
 72
1
 11
3640.0
 21
26500.0
 31
0.0
100
AcDbText
 73
2
  0
TEXT
  5
3C8
330
17
100
AcDbEntity
  8
D-STR-TXT
100
AcDbText
 10
14140.0
 20
26500.0
 30
0.0
 40
262.5
  1
02 小屋裏床組・検修口 / 1:75
  7
HOUSE_UNICODE
 72
1
 11
14140.0
 21
26500.0
 31
0.0
100
AcDbText
 73
2
  0
LINE
  5
3C9
330
17
100
AcDbEntity
  8
D-STR-WALL
100
AcDbLine
 10
8190.0
 20
18000.0
 30
0.0
 11
0.0
 21
18000.0
 31
0.0
  0
LINE
  5
3CA
330
17
100
AcDbEntity
  8
D-STR-WALL
100
AcDbLine
 10
0.0
 20
18000.0
 30
0.0
 11
0.0
 21
25280.0
 31
0.0
  0
LINE
  5
3CB
330
17
100
AcDbEntity
  8
D-STR-WALL
100
AcDbLine
 10
0.0
 20
25280.0
 30
0.0
 11
8190.0
 21
25280.0
 31
0.0
  0
LINE
  5
3CC
330
17
100
AcDbEntity
  8
D-STR-WALL
100
AcDbLine
 10
8190.0
 20
25280.0
 30
0.0
 11
8190.0
 21
18000.0
 31
0.0
  0
LWPOLYLINE
  5
3CD
330
17
100
AcDbEntity
  8
D-STR-DOOR
100
AcDbPolyline
 90
4
 70
1
 10
8100.0
 20
21260.0
 10
90.0
 20
21260.0
 10
90.0
 20
21400.0
 10
8100.0
 20
21400.0
  0
TEXT
  5
3CE
330
17
100
AcDbEntity
  8
D-STR-TXT
100
AcDbText
 10
3845.0
 20
21630.0
 30
0.0
 40
150.0
  1
I01
  7
HOUSE_UNICODE
 72
1
 11
3845.0
 21
21630.0
 31
0.0
100
AcDbText
 73
2
  0
LWPOLYLINE
  5
3CF
330
17
100
AcDbEntity
  8
D-STR-DOOR
100
AcDbPolyline
 90
4
 70
1
 10
8100.0
 20
22260.0
 10
90.0
 20
22260.0
 10
90.0
 20
22400.0
 10
8100.0
 20
22400.0
  0
TEXT
  5
3D0
330
17
100
AcDbEntity
  8
D-STR-TXT
100
AcDbText
 10
3845.0
 20
22630.0
 30
0.0
 40
150.0
  1
I02
  7
HOUSE_UNICODE
 72
1
 11
3845.0
 21
22630.0
 31
0.0
100
AcDbText
 73
2
  0
LWPOLYLINE
  5
3D1
330
17
100
AcDbEntity
  8
D-STR-DOOR
100
AcDbPolyline
 90
4
 70
1
 10
3200.0
 20
22330.0
 10
3060.0
 20
22330.0
 10
3060.0
 20
25190.0
 10
3200.0
 20
25190.0
  0
TEXT
  5
3D2
330
17
100
AcDbEntity
  8
D-STR-TXT
100
AcDbText
 10
2880.0
 20
24060.0
 30
0.0
 40
150.0
  1
I03
  7
HOUSE_UNICODE
 72
1
 11
2880.0
 21
24060.0
 31
0.0
100
AcDbText
 73
2
  0
LWPOLYLINE
  5
3D3
330
17
100
AcDbEntity
  8
D-STR-DOOR
100
AcDbPolyline
 90
4
 70
1
 10
2200.0
 20
22330.0
 10
2060.0
 20
22330.0
 10
2060.0
 20
25190.0
 10
2200.0
 20
25190.0
  0
TEXT
  5
3D4
330
17
100
AcDbEntity
  8
D-STR-TXT
100
AcDbText
 10
1880.0
 20
24060.0
 30
0.0
 40
150.0
  1
I04
  7
HOUSE_UNICODE
 72
1
 11
1880.0
 21
24060.0
 31
0.0
100
AcDbText
 73
2
  0
LWPOLYLINE
  5
3D5
330
17
100
AcDbEntity
  8
D-STR-DOOR
100
AcDbPolyline
 90
4
 70
1
 10
3130.0
 20
23160.0
 10
2130.0
 20
23160.0
 10
2130.0
 20
23300.0
 10
3130.0
 20
23300.0
  0
TEXT
  5
3D6
330
17
100
AcDbEntity
  8
D-STR-TXT
100
AcDbText
 10
2380.0
 20
23530.0
 30
0.0
 40
150.0
  1
I05
  7
HOUSE_UNICODE
 72
1
 11
2380.0
 21
23530.0
 31
0.0
100
AcDbText
 73
2
  0
LWPOLYLINE
  5
3D7
330
17
100
AcDbEntity
  8
D-STR-DOOR
100
AcDbPolyline
 90
4
 70
1
 10
4930.0
 20
18090.0
 10
4790.0
 20
18090.0
 10
4790.0
 20
22330.0
 10
4930.0
 20
22330.0
  0
TEXT
  5
3D8
330
17
100
AcDbEntity
  8
D-STR-TXT
100
AcDbText
 10
4610.0
 20
20510.0
 30
0.0
 40
150.0
  1
I06
  7
HOUSE_UNICODE
 72
1
 11
4610.0
 21
20510.0
 31
0.0
100
AcDbText
 73
2
  0
LWPOLYLINE
  5
3D9
330
17
100
AcDbEntity
  8
D-STR-DOOR
100
AcDbPolyline
 90
4
 70
1
 10
3930.0
 20
18090.0
 10
3790.0
 20
18090.0
 10
3790.0
 20
22330.0
 10
3930.0
 20
22330.0
  0
TEXT
  5
3DA
330
17
100
AcDbEntity
  8
D-STR-TXT
100
AcDbText
 10
3610.0
 20
20510.0
 30
0.0
 40
150.0
  1
I07
  7
HOUSE_UNICODE
 72
1
 11
3610.0
 21
20510.0
 31
0.0
100
AcDbText
 73
2
  0
LINE
  5
3DB
330
17
100
AcDbEntity
  8
D-STR-WALL
100
AcDbLine
 10
8160.0
 20
18030.0
 30
0.0
 11
8040.0
 21
18030.0
 31
0.0
  0
LINE
  5
3DC
330
17
100
AcDbEntity
  8
D-STR-WALL
100
AcDbLine
 10
8040.0
 20
18030.0
 30
0.0
 11
8040.0
 21
18150.0
 31
0.0
  0
LINE
  5
3DD
330
17
100
AcDbEntity
  8
D-STR-WALL
100
AcDbLine
 10
8040.0
 20
18150.0
 30
0.0
 11
8160.0
 21
18150.0
 31
0.0
  0
LINE
  5
3DE
330
17
100
AcDbEntity
  8
D-STR-WALL
100
AcDbLine
 10
8160.0
 20
18150.0
 30
0.0
 11
8160.0
 21
18030.0
 31
0.0
  0
LINE
  5
3DF
330
17
100
AcDbEntity
  8
D-STR-WALL
100
AcDbLine
 10
7665.0
 20
18030.0
 30
0.0
 11
7545.0
 21
18030.0
 31
0.0
  0
LINE
  5
3E0
330
17
100
AcDbEntity
  8
D-STR-WALL
100
AcDbLine
 10
7545.0
 20
18030.0
 30
0.0
 11
7545.0
 21
18150.0
 31
0.0
  0
LINE
  5
3E1
330
17
100
AcDbEntity
  8
D-STR-WALL
100
AcDbLine
 10
7545.0
 20
18150.0
 30
0.0
 11
7665.0
 21
18150.0
 31
0.0
  0
LINE
  5
3E2
330
17
100
AcDbEntity
  8
D-STR-WALL
100
AcDbLine
 10
7665.0
 20
18150.0
 30
0.0
 11
7665.0
 21
18030.0
 31
0.0
  0
LINE
  5
3E3
330
17
100
AcDbEntity
  8
D-STR-WALL
100
AcDbLine
 10
5435.0
 20
18030.0
 30
0.0
 11
5315.0
 21
18030.0
 31
0.0
  0
LINE
  5
3E4
330
17
100
AcDbEntity
  8
D-STR-WALL
100
AcDbLine
 10
5315.0
 20
18030.0
 30
0.0
 11
5315.0
 21
18150.0
 31
0.0
  0
LINE
  5
3E5
330
17
100
AcDbEntity
  8
D-STR-WALL
100
AcDbLine
 10
5315.0
 20
18150.0
 30
0.0
 11
5435.0
 21
18150.0
 31
0.0
  0
LINE
  5
3E6
330
17
100
AcDbEntity
  8
D-STR-WALL
100
AcDbLine
 10
5435.0
 20
18150.0
 30
0.0
 11
5435.0
 21
18030.0
 31
0.0
  0
LINE
  5
3E7
330
17
100
AcDbEntity
  8
D-STR-WALL
100
AcDbLine
 10
4600.0
 20
18030.0
 30
0.0
 11
4480.0
 21
18030.0
 31
0.0
  0
LINE
  5
3E8
330
17
100
AcDbEntity
  8
D-STR-WALL
100
AcDbLine
 10
4480.0
 20
18030.0
 30
0.0
 11
4480.0
 21
18150.0
 31
0.0
  0
LINE
  5
3E9
330
17
100
AcDbEntity
  8
D-STR-WALL
100
AcDbLine
 10
4480.0
 20
18150.0
 30
0.0
 11
4600.0
 21
18150.0
 31
0.0
  0
LINE
  5
3EA
330
17
100
AcDbEntity
  8
D-STR-WALL
100
AcDbLine
 10
4600.0
 20
18150.0
 30
0.0
 11
4600.0
 21
18030.0
 31
0.0
  0
LINE
  5
3EB
330
17
100
AcDbEntity
  8
D-STR-WALL
100
AcDbLine
 10
3710.0
 20
18030.0
 30
0.0
 11
3590.0
 21
18030.0
 31
0.0
  0
LINE
  5
3EC
330
17
100
AcDbEntity
  8
D-STR-WALL
100
AcDbLine
 10
3590.0
 20
18030.0
 30
0.0
 11
3590.0
 21
18150.0
 31
0.0
  0
LINE
  5
3ED
330
17
100
AcDbEntity
  8
D-STR-WALL
100
AcDbLine
 10
3590.0
 20
18150.0
 30
0.0
 11
3710.0
 21
18150.0
 31
0.0
  0
LINE
  5
3EE
330
17
100
AcDbEntity
  8
D-STR-WALL
100
AcDbLine
 10
3710.0
 20
18150.0
 30
0.0
 11
3710.0
 21
18030.0
 31
0.0
  0
LINE
  5
3EF
330
17
100
AcDbEntity
  8
D-STR-WALL
100
AcDbLine
 10
3115.0
 20
18030.0
 30
0.0
 11
2995.0
 21
18030.0
 31
0.0
  0
LINE
  5
3F0
330
17
100
AcDbEntity
  8
D-STR-WALL
100
AcDbLine
 10
2995.0
 20
18030.0
 30
0.0
 11
2995.0
 21
18150.0
 31
0.0
  0
LINE
  5
3F1
330
17
100
AcDbEntity
  8
D-STR-WALL
100
AcDbLine
 10
2995.0
 20
18150.0
 30
0.0
 11
3115.0
 21
18150.0
 31
0.0
  0
LINE
  5
3F2
330
17
100
AcDbEntity
  8
D-STR-WALL
100
AcDbLine
 10
3115.0
 20
18150.0
 30
0.0
 11
3115.0
 21
18030.0
 31
0.0
  0
LINE
  5
3F3
330
17
100
AcDbEntity
  8
D-STR-WALL
100
AcDbLine
 10
975.0
 20
18030.0
 30
0.0
 11
855.0
 21
18030.0
 31
0.0
  0
LINE
  5
3F4
330
17
100
AcDbEntity
  8
D-STR-WALL
100
AcDbLine
 10
855.0
 20
18030.0
 30
0.0
 11
855.0
 21
18150.0
 31
0.0
  0
LINE
  5
3F5
330
17
100
AcDbEntity
  8
D-STR-WALL
100
AcDbLine
 10
855.0
 20
18150.0
 30
0.0
 11
975.0
 21
18150.0
 31
0.0
  0
LINE
  5
3F6
330
17
100
AcDbEntity
  8
D-STR-WALL
100
AcDbLine
 10
975.0
 20
18150.0
 30
0.0
 11
975.0
 21
18030.0
 31
0.0
  0
LINE
  5
3F7
330
17
100
AcDbEntity
  8
D-STR-WALL
100
AcDbLine
 10
150.0
 20
18030.0
 30
0.0
 11
30.0
 21
18030.0
 31
0.0
  0
LINE
  5
3F8
330
17
100
AcDbEntity
  8
D-STR-WALL
100
AcDbLine
 10
30.0
 20
18030.0
 30
0.0
 11
30.0
 21
18150.0
 31
0.0
  0
LINE
  5
3F9
330
17
100
AcDbEntity
  8
D-STR-WALL
100
AcDbLine
 10
30.0
 20
18150.0
 30
0.0
 11
150.0
 21
18150.0
 31
0.0
  0
LINE
  5
3FA
330
17
100
AcDbEntity
  8
D-STR-WALL
100
AcDbLine
 10
150.0
 20
18150.0
 30
0.0
 11
150.0
 21
18030.0
 31
0.0
  0
LINE
  5
3FB
330
17
100
AcDbEntity
  8
D-STR-WALL
100
AcDbLine
 10
8160.0
 20
25130.0
 30
0.0
 11
8040.0
 21
25130.0
 31
0.0
  0
LINE
  5
3FC
330
17
100
AcDbEntity
  8
D-STR-WALL
100
AcDbLine
 10
8040.0
 20
25130.0
 30
0.0
 11
8040.0
 21
25250.0
 31
0.0
  0
LINE
  5
3FD
330
17
100
AcDbEntity
  8
D-STR-WALL
100
AcDbLine
 10
8040.0
 20
25250.0
 30
0.0
 11
8160.0
 21
25250.0
 31
0.0
  0
LINE
  5
3FE
330
17
100
AcDbEntity
  8
D-STR-WALL
100
AcDbLine
 10
8160.0
 20
25250.0
 30
0.0
 11
8160.0
 21
25130.0
 31
0.0
  0
LINE
  5
3FF
330
17
100
AcDbEntity
  8
D-STR-WALL
100
AcDbLine
 10
7665.0
 20
25130.0
 30
0.0
 11
7545.0
 21
25130.0
 31
0.0
  0
LINE
  5
400
330
17
100
AcDbEntity
  8
D-STR-WALL
100
AcDbLine
 10
7545.0
 20
25130.0
 30
0.0
 11
7545.0
 21
25250.0
 31
0.0
  0
LINE
  5
401
330
17
100
AcDbEntity
  8
D-STR-WALL
100
AcDbLine
 10
7545.0
 20
25250.0
 30
0.0
 11
7665.0
 21
25250.0
 31
0.0
  0
LINE
  5
402
330
17
100
AcDbEntity
  8
D-STR-WALL
100
AcDbLine
 10
7665.0
 20
25250.0
 30
0.0
 11
7665.0
 21
25130.0
 31
0.0
  0
LINE
  5
403
330
17
100
AcDbEntity
  8
D-STR-WALL
100
AcDbLine
 10
6885.0
 20
25130.0
 30
0.0
 11
6765.0
 21
25130.0
 31
0.0
  0
LINE
  5
404
330
17
100
AcDbEntity
  8
D-STR-WALL
100
AcDbLine
 10
6765.0
 20
25130.0
 30
0.0
 11
6765.0
 21
25250.0
 31
0.0
  0
LINE
  5
405
330
17
100
AcDbEntity
  8
D-STR-WALL
100
AcDbLine
 10
6765.0
 20
25250.0
 30
0.0
 11
6885.0
 21
25250.0
 31
0.0
  0
LINE
  5
406
330
17
100
AcDbEntity
  8
D-STR-WALL
100
AcDbLine
 10
6885.0
 20
25250.0
 30
0.0
 11
6885.0
 21
25130.0
 31
0.0
  0
LINE
  5
407
330
17
100
AcDbEntity
  8
D-STR-WALL
100
AcDbLine
 10
6380.0
 20
25130.0
 30
0.0
 11
6260.0
 21
25130.0
 31
0.0
  0
LINE
  5
408
330
17
100
AcDbEntity
  8
D-STR-WALL
100
AcDbLine
 10
6260.0
 20
25130.0
 30
0.0
 11
6260.0
 21
25250.0
 31
0.0
  0
LINE
  5
409
330
17
100
AcDbEntity
  8
D-STR-WALL
100
AcDbLine
 10
6260.0
 20
25250.0
 30
0.0
 11
6380.0
 21
25250.0
 31
0.0
  0
LINE
  5
40A
330
17
100
AcDbEntity
  8
D-STR-WALL
100
AcDbLine
 10
6380.0
 20
25250.0
 30
0.0
 11
6380.0
 21
25130.0
 31
0.0
  0
LINE
  5
40B
330
17
100
AcDbEntity
  8
D-STR-WALL
100
AcDbLine
 10
5490.0
 20
25130.0
 30
0.0
 11
5370.0
 21
25130.0
 31
0.0
  0
LINE
  5
40C
330
17
100
AcDbEntity
  8
D-STR-WALL
100
AcDbLine
 10
5370.0
 20
25130.0
 30
0.0
 11
5370.0
 21
25250.0
 31
0.0
  0
LINE
  5
40D
330
17
100
AcDbEntity
  8
D-STR-WALL
100
AcDbLine
 10
5370.0
 20
25250.0
 30
0.0
 11
5490.0
 21
25250.0
 31
0.0
  0
LINE
  5
40E
330
17
100
AcDbEntity
  8
D-STR-WALL
100
AcDbLine
 10
5490.0
 20
25250.0
 30
0.0
 11
5490.0
 21
25130.0
 31
0.0
  0
LINE
  5
40F
330
17
100
AcDbEntity
  8
D-STR-WALL
100
AcDbLine
 10
5315.0
 20
25130.0
 30
0.0
 11
5195.0
 21
25130.0
 31
0.0
  0
LINE
  5
410
330
17
100
AcDbEntity
  8
D-STR-WALL
100
AcDbLine
 10
5195.0
 20
25130.0
 30
0.0
 11
5195.0
 21
25250.0
 31
0.0
  0
LINE
  5
411
330
17
100
AcDbEntity
  8
D-STR-WALL
100
AcDbLine
 10
5195.0
 20
25250.0
 30
0.0
 11
5315.0
 21
25250.0
 31
0.0
  0
LINE
  5
412
330
17
100
AcDbEntity
  8
D-STR-WALL
100
AcDbLine
 10
5315.0
 20
25250.0
 30
0.0
 11
5315.0
 21
25130.0
 31
0.0
  0
LINE
  5
413
330
17
100
AcDbEntity
  8
D-STR-WALL
100
AcDbLine
 10
4285.0
 20
25130.0
 30
0.0
 11
4165.0
 21
25130.0
 31
0.0
  0
LINE
  5
414
330
17
100
AcDbEntity
  8
D-STR-WALL
100
AcDbLine
 10
4165.0
 20
25130.0
 30
0.0
 11
4165.0
 21
25250.0
 31
0.0
  0
LINE
  5
415
330
17
100
AcDbEntity
  8
D-STR-WALL
100
AcDbLine
 10
4165.0
 20
25250.0
 30
0.0
 11
4285.0
 21
25250.0
 31
0.0
  0
LINE
  5
416
330
17
100
AcDbEntity
  8
D-STR-WALL
100
AcDbLine
 10
4285.0
 20
25250.0
 30
0.0
 11
4285.0
 21
25130.0
 31
0.0
  0
LINE
  5
417
330
17
100
AcDbEntity
  8
D-STR-WALL
100
AcDbLine
 10
3710.0
 20
25130.0
 30
0.0
 11
3590.0
 21
25130.0
 31
0.0
  0
LINE
  5
418
330
17
100
AcDbEntity
  8
D-STR-WALL
100
AcDbLine
 10
3590.0
 20
25130.0
 30
0.0
 11
3590.0
 21
25250.0
 31
0.0
  0
LINE
  5
419
330
17
100
AcDbEntity
  8
D-STR-WALL
100
AcDbLine
 10
3590.0
 20
25250.0
 30
0.0
 11
3710.0
 21
25250.0
 31
0.0
  0
LINE
  5
41A
330
17
100
AcDbEntity
  8
D-STR-WALL
100
AcDbLine
 10
3710.0
 20
25250.0
 30
0.0
 11
3710.0
 21
25130.0
 31
0.0
  0
LINE
  5
41B
330
17
100
AcDbEntity
  8
D-STR-WALL
100
AcDbLine
 10
2985.0
 20
25130.0
 30
0.0
 11
2865.0
 21
25130.0
 31
0.0
  0
LINE
  5
41C
330
17
100
AcDbEntity
  8
D-STR-WALL
100
AcDbLine
 10
2865.0
 20
25130.0
 30
0.0
 11
2865.0
 21
25250.0
 31
0.0
  0
LINE
  5
41D
330
17
100
AcDbEntity
  8
D-STR-WALL
100
AcDbLine
 10
2865.0
 20
25250.0
 30
0.0
 11
2985.0
 21
25250.0
 31
0.0
  0
LINE
  5
41E
330
17
100
AcDbEntity
  8
D-STR-WALL
100
AcDbLine
 10
2985.0
 20
25250.0
 30
0.0
 11
2985.0
 21
25130.0
 31
0.0
  0
LINE
  5
41F
330
17
100
AcDbEntity
  8
D-STR-WALL
100
AcDbLine
 10
2405.0
 20
25130.0
 30
0.0
 11
2285.0
 21
25130.0
 31
0.0
  0
LINE
  5
420
330
17
100
AcDbEntity
  8
D-STR-WALL
100
AcDbLine
 10
2285.0
 20
25130.0
 30
0.0
 11
2285.0
 21
25250.0
 31
0.0
  0
LINE
  5
421
330
17
100
AcDbEntity
  8
D-STR-WALL
100
AcDbLine
 10
2285.0
 20
25250.0
 30
0.0
 11
2405.0
 21
25250.0
 31
0.0
  0
LINE
  5
422
330
17
100
AcDbEntity
  8
D-STR-WALL
100
AcDbLine
 10
2405.0
 20
25250.0
 30
0.0
 11
2405.0
 21
25130.0
 31
0.0
  0
LINE
  5
423
330
17
100
AcDbEntity
  8
D-STR-WALL
100
AcDbLine
 10
1930.0
 20
25130.0
 30
0.0
 11
1810.0
 21
25130.0
 31
0.0
  0
LINE
  5
424
330
17
100
AcDbEntity
  8
D-STR-WALL
100
AcDbLine
 10
1810.0
 20
25130.0
 30
0.0
 11
1810.0
 21
25250.0
 31
0.0
  0
LINE
  5
425
330
17
100
AcDbEntity
  8
D-STR-WALL
100
AcDbLine
 10
1810.0
 20
25250.0
 30
0.0
 11
1930.0
 21
25250.0
 31
0.0
  0
LINE
  5
426
330
17
100
AcDbEntity
  8
D-STR-WALL
100
AcDbLine
 10
1930.0
 20
25250.0
 30
0.0
 11
1930.0
 21
25130.0
 31
0.0
  0
LINE
  5
427
330
17
100
AcDbEntity
  8
D-STR-WALL
100
AcDbLine
 10
1040.0
 20
25130.0
 30
0.0
 11
920.0
 21
25130.0
 31
0.0
  0
LINE
  5
428
330
17
100
AcDbEntity
  8
D-STR-WALL
100
AcDbLine
 10
920.0
 20
25130.0
 30
0.0
 11
920.0
 21
25250.0
 31
0.0
  0
LINE
  5
429
330
17
100
AcDbEntity
  8
D-STR-WALL
100
AcDbLine
 10
920.0
 20
25250.0
 30
0.0
 11
1040.0
 21
25250.0
 31
0.0
  0
LINE
  5
42A
330
17
100
AcDbEntity
  8
D-STR-WALL
100
AcDbLine
 10
1040.0
 20
25250.0
 30
0.0
 11
1040.0
 21
25130.0
 31
0.0
  0
LINE
  5
42B
330
17
100
AcDbEntity
  8
D-STR-WALL
100
AcDbLine
 10
150.0
 20
25130.0
 30
0.0
 11
30.0
 21
25130.0
 31
0.0
  0
LINE
  5
42C
330
17
100
AcDbEntity
  8
D-STR-WALL
100
AcDbLine
 10
30.0
 20
25130.0
 30
0.0
 11
30.0
 21
25250.0
 31
0.0
  0
LINE
  5
42D
330
17
100
AcDbEntity
  8
D-STR-WALL
100
AcDbLine
 10
30.0
 20
25250.0
 30
0.0
 11
150.0
 21
25250.0
 31
0.0
  0
LINE
  5
42E
330
17
100
AcDbEntity
  8
D-STR-WALL
100
AcDbLine
 10
150.0
 20
25250.0
 30
0.0
 11
150.0
 21
25130.0
 31
0.0
  0
LINE
  5
42F
330
17
100
AcDbEntity
  8
D-STR-WALL
100
AcDbLine
 10
8160.0
 20
18575.0
 30
0.0
 11
8040.0
 21
18575.0
 31
0.0
  0
LINE
  5
430
330
17
100
AcDbEntity
  8
D-STR-WALL
100
AcDbLine
 10
8040.0
 20
18575.0
 30
0.0
 11
8040.0
 21
18695.0
 31
0.0
  0
LINE
  5
431
330
17
100
AcDbEntity
  8
D-STR-WALL
100
AcDbLine
 10
8040.0
 20
18695.0
 30
0.0
 11
8160.0
 21
18695.0
 31
0.0
  0
LINE
  5
432
330
17
100
AcDbEntity
  8
D-STR-WALL
100
AcDbLine
 10
8160.0
 20
18695.0
 30
0.0
 11
8160.0
 21
18575.0
 31
0.0
  0
LINE
  5
433
330
17
100
AcDbEntity
  8
D-STR-WALL
100
AcDbLine
 10
8160.0
 20
21505.0
 30
0.0
 11
8040.0
 21
21505.0
 31
0.0
  0
LINE
  5
434
330
17
100
AcDbEntity
  8
D-STR-WALL
100
AcDbLine
 10
8040.0
 20
21505.0
 30
0.0
 11
8040.0
 21
21625.0
 31
0.0
  0
LINE
  5
435
330
17
100
AcDbEntity
  8
D-STR-WALL
100
AcDbLine
 10
8040.0
 20
21625.0
 30
0.0
 11
8160.0
 21
21625.0
 31
0.0
  0
LINE
  5
436
330
17
100
AcDbEntity
  8
D-STR-WALL
100
AcDbLine
 10
8160.0
 20
21625.0
 30
0.0
 11
8160.0
 21
21505.0
 31
0.0
  0
LINE
  5
437
330
17
100
AcDbEntity
  8
D-STR-WALL
100
AcDbLine
 10
8160.0
 20
22467.5
 30
0.0
 11
8040.0
 21
22467.5
 31
0.0
  0
LINE
  5
438
330
17
100
AcDbEntity
  8
D-STR-WALL
100
AcDbLine
 10
8040.0
 20
22467.5
 30
0.0
 11
8040.0
 21
22587.5
 31
0.0
  0
LINE
  5
439
330
17
100
AcDbEntity
  8
D-STR-WALL
100
AcDbLine
 10
8040.0
 20
22587.5
 30
0.0
 11
8160.0
 21
22587.5
 31
0.0
  0
LINE
  5
43A
330
17
100
AcDbEntity
  8
D-STR-WALL
100
AcDbLine
 10
8160.0
 20
22587.5
 30
0.0
 11
8160.0
 21
22467.5
 31
0.0
  0
LINE
  5
43B
330
17
100
AcDbEntity
  8
D-STR-WALL
100
AcDbLine
 10
8160.0
 20
22875.0
 30
0.0
 11
8040.0
 21
22875.0
 31
0.0
  0
LINE
  5
43C
330
17
100
AcDbEntity
  8
D-STR-WALL
100
AcDbLine
 10
8040.0
 20
22875.0
 30
0.0
 11
8040.0
 21
22995.0
 31
0.0
  0
LINE
  5
43D
330
17
100
AcDbEntity
  8
D-STR-WALL
100
AcDbLine
 10
8040.0
 20
22995.0
 30
0.0
 11
8160.0
 21
22995.0
 31
0.0
  0
LINE
  5
43E
330
17
100
AcDbEntity
  8
D-STR-WALL
100
AcDbLine
 10
8160.0
 20
22995.0
 30
0.0
 11
8160.0
 21
22875.0
 31
0.0
  0
LINE
  5
43F
330
17
100
AcDbEntity
  8
D-STR-WALL
100
AcDbLine
 10
8160.0
 20
24805.0
 30
0.0
 11
8040.0
 21
24805.0
 31
0.0
  0
LINE
  5
440
330
17
100
AcDbEntity
  8
D-STR-WALL
100
AcDbLine
 10
8040.0
 20
24805.0
 30
0.0
 11
8040.0
 21
24925.0
 31
0.0
  0
LINE
  5
441
330
17
100
AcDbEntity
  8
D-STR-WALL
100
AcDbLine
 10
8040.0
 20
24925.0
 30
0.0
 11
8160.0
 21
24925.0
 31
0.0
  0
LINE
  5
442
330
17
100
AcDbEntity
  8
D-STR-WALL
100
AcDbLine
 10
8160.0
 20
24925.0
 30
0.0
 11
8160.0
 21
24805.0
 31
0.0
  0
LINE
  5
443
330
17
100
AcDbEntity
  8
D-STR-WALL
100
AcDbLine
 10
150.0
 20
18917.5
 30
0.0
 11
30.0
 21
18917.5
 31
0.0
  0
LINE
  5
444
330
17
100
AcDbEntity
  8
D-STR-WALL
100
AcDbLine
 10
30.0
 20
18917.5
 30
0.0
 11
30.0
 21
19037.5
 31
0.0
  0
LINE
  5
445
330
17
100
AcDbEntity
  8
D-STR-WALL
100
AcDbLine
 10
30.0
 20
19037.5
 30
0.0
 11
150.0
 21
19037.5
 31
0.0
  0
LINE
  5
446
330
17
100
AcDbEntity
  8
D-STR-WALL
100
AcDbLine
 10
150.0
 20
19037.5
 30
0.0
 11
150.0
 21
18917.5
 31
0.0
  0
LINE
  5
447
330
17
100
AcDbEntity
  8
D-STR-WALL
100
AcDbLine
 10
150.0
 20
19805.0
 30
0.0
 11
30.0
 21
19805.0
 31
0.0
  0
LINE
  5
448
330
17
100
AcDbEntity
  8
D-STR-WALL
100
AcDbLine
 10
30.0
 20
19805.0
 30
0.0
 11
30.0
 21
19925.0
 31
0.0
  0
LINE
  5
449
330
17
100
AcDbEntity
  8
D-STR-WALL
100
AcDbLine
 10
30.0
 20
19925.0
 30
0.0
 11
150.0
 21
19925.0
 31
0.0
  0
LINE
  5
44A
330
17
100
AcDbEntity
  8
D-STR-WALL
100
AcDbLine
 10
150.0
 20
19925.0
 30
0.0
 11
150.0
 21
19805.0
 31
0.0
  0
LINE
  5
44B
330
17
100
AcDbEntity
  8
D-STR-WALL
100
AcDbLine
 10
150.0
 20
20692.5
 30
0.0
 11
30.0
 21
20692.5
 31
0.0
  0
LINE
  5
44C
330
17
100
AcDbEntity
  8
D-STR-WALL
100
AcDbLine
 10
30.0
 20
20692.5
 30
0.0
 11
30.0
 21
20812.5
 31
0.0
  0
LINE
  5
44D
330
17
100
AcDbEntity
  8
D-STR-WALL
100
AcDbLine
 10
30.0
 20
20812.5
 30
0.0
 11
150.0
 21
20812.5
 31
0.0
  0
LINE
  5
44E
330
17
100
AcDbEntity
  8
D-STR-WALL
100
AcDbLine
 10
150.0
 20
20812.5
 30
0.0
 11
150.0
 21
20692.5
 31
0.0
  0
LINE
  5
44F
330
17
100
AcDbEntity
  8
D-STR-WALL
100
AcDbLine
 10
150.0
 20
21580.0
 30
0.0
 11
30.0
 21
21580.0
 31
0.0
  0
LINE
  5
450
330
17
100
AcDbEntity
  8
D-STR-WALL
100
AcDbLine
 10
30.0
 20
21580.0
 30
0.0
 11
30.0
 21
21700.0
 31
0.0
  0
LINE
  5
451
330
17
100
AcDbEntity
  8
D-STR-WALL
100
AcDbLine
 10
30.0
 20
21700.0
 30
0.0
 11
150.0
 21
21700.0
 31
0.0
  0
LINE
  5
452
330
17
100
AcDbEntity
  8
D-STR-WALL
100
AcDbLine
 10
150.0
 20
21700.0
 30
0.0
 11
150.0
 21
21580.0
 31
0.0
  0
LINE
  5
453
330
17
100
AcDbEntity
  8
D-STR-WALL
100
AcDbLine
 10
150.0
 20
22467.5
 30
0.0
 11
30.0
 21
22467.5
 31
0.0
  0
LINE
  5
454
330
17
100
AcDbEntity
  8
D-STR-WALL
100
AcDbLine
 10
30.0
 20
22467.5
 30
0.0
 11
30.0
 21
22587.5
 31
0.0
  0
LINE
  5
455
330
17
100
AcDbEntity
  8
D-STR-WALL
100
AcDbLine
 10
30.0
 20
22587.5
 30
0.0
 11
150.0
 21
22587.5
 31
0.0
  0
LINE
  5
456
330
17
100
AcDbEntity
  8
D-STR-WALL
100
AcDbLine
 10
150.0
 20
22587.5
 30
0.0
 11
150.0
 21
22467.5
 31
0.0
  0
LINE
  5
457
330
17
100
AcDbEntity
  8
D-STR-WALL
100
AcDbLine
 10
150.0
 20
23355.0
 30
0.0
 11
30.0
 21
23355.0
 31
0.0
  0
LINE
  5
458
330
17
100
AcDbEntity
  8
D-STR-WALL
100
AcDbLine
 10
30.0
 20
23355.0
 30
0.0
 11
30.0
 21
23475.0
 31
0.0
  0
LINE
  5
459
330
17
100
AcDbEntity
  8
D-STR-WALL
100
AcDbLine
 10
30.0
 20
23475.0
 30
0.0
 11
150.0
 21
23475.0
 31
0.0
  0
LINE
  5
45A
330
17
100
AcDbEntity
  8
D-STR-WALL
100
AcDbLine
 10
150.0
 20
23475.0
 30
0.0
 11
150.0
 21
23355.0
 31
0.0
  0
LINE
  5
45B
330
17
100
AcDbEntity
  8
D-STR-WALL
100
AcDbLine
 10
150.0
 20
24075.0
 30
0.0
 11
30.0
 21
24075.0
 31
0.0
  0
LINE
  5
45C
330
17
100
AcDbEntity
  8
D-STR-WALL
100
AcDbLine
 10
30.0
 20
24075.0
 30
0.0
 11
30.0
 21
24195.0
 31
0.0
  0
LINE
  5
45D
330
17
100
AcDbEntity
  8
D-STR-WALL
100
AcDbLine
 10
30.0
 20
24195.0
 30
0.0
 11
150.0
 21
24195.0
 31
0.0
  0
LINE
  5
45E
330
17
100
AcDbEntity
  8
D-STR-WALL
100
AcDbLine
 10
150.0
 20
24195.0
 30
0.0
 11
150.0
 21
24075.0
 31
0.0
  0
LINE
  5
45F
330
17
100
AcDbEntity
  8
D-STR-WALL
100
AcDbLine
 10
150.0
 20
24805.0
 30
0.0
 11
30.0
 21
24805.0
 31
0.0
  0
LINE
  5
460
330
17
100
AcDbEntity
  8
D-STR-WALL
100
AcDbLine
 10
30.0
 20
24805.0
 30
0.0
 11
30.0
 21
24925.0
 31
0.0
  0
LINE
  5
461
330
17
100
AcDbEntity
  8
D-STR-WALL
100
AcDbLine
 10
30.0
 20
24925.0
 30
0.0
 11
150.0
 21
24925.0
 31
0.0
  0
LINE
  5
462
330
17
100
AcDbEntity
  8
D-STR-WALL
100
AcDbLine
 10
150.0
 20
24925.0
 30
0.0
 11
150.0
 21
24805.0
 31
0.0
  0
LINE
  5
463
330
17
100
AcDbEntity
  8
D-STR-WALL
100
AcDbLine
 10
3175.0
 20
23325.0
 30
0.0
 11
3085.0
 21
23325.0
 31
0.0
  0
LINE
  5
464
330
17
100
AcDbEntity
  8
D-STR-WALL
100
AcDbLine
 10
3085.0
 20
23325.0
 30
0.0
 11
3085.0
 21
23415.0
 31
0.0
  0
LINE
  5
465
330
17
100
AcDbEntity
  8
D-STR-WALL
100
AcDbLine
 10
3085.0
 20
23415.0
 30
0.0
 11
3175.0
 21
23415.0
 31
0.0
  0
LINE
  5
466
330
17
100
AcDbEntity
  8
D-STR-WALL
100
AcDbLine
 10
3175.0
 20
23415.0
 30
0.0
 11
3175.0
 21
23325.0
 31
0.0
  0
LINE
  5
467
330
17
100
AcDbEntity
  8
D-STR-WALL
100
AcDbLine
 10
3175.0
 20
24235.0
 30
0.0
 11
3085.0
 21
24235.0
 31
0.0
  0
LINE
  5
468
330
17
100
AcDbEntity
  8
D-STR-WALL
100
AcDbLine
 10
3085.0
 20
24235.0
 30
0.0
 11
3085.0
 21
24325.0
 31
0.0
  0
LINE
  5
469
330
17
100
AcDbEntity
  8
D-STR-WALL
100
AcDbLine
 10
3085.0
 20
24325.0
 30
0.0
 11
3175.0
 21
24325.0
 31
0.0
  0
LINE
  5
46A
330
17
100
AcDbEntity
  8
D-STR-WALL
100
AcDbLine
 10
3175.0
 20
24325.0
 30
0.0
 11
3175.0
 21
24235.0
 31
0.0
  0
LINE
  5
46B
330
17
100
AcDbEntity
  8
D-STR-WALL
100
AcDbLine
 10
3190.0
 20
25130.0
 30
0.0
 11
3070.0
 21
25130.0
 31
0.0
  0
LINE
  5
46C
330
17
100
AcDbEntity
  8
D-STR-WALL
100
AcDbLine
 10
3070.0
 20
25130.0
 30
0.0
 11
3070.0
 21
25250.0
 31
0.0
  0
LINE
  5
46D
330
17
100
AcDbEntity
  8
D-STR-WALL
100
AcDbLine
 10
3070.0
 20
25250.0
 30
0.0
 11
3190.0
 21
25250.0
 31
0.0
  0
LINE
  5
46E
330
17
100
AcDbEntity
  8
D-STR-WALL
100
AcDbLine
 10
3190.0
 20
25250.0
 30
0.0
 11
3190.0
 21
25130.0
 31
0.0
  0
LINE
  5
46F
330
17
100
AcDbEntity
  8
D-STR-WALL
100
AcDbLine
 10
2175.0
 20
22415.0
 30
0.0
 11
2085.0
 21
22415.0
 31
0.0
  0
LINE
  5
470
330
17
100
AcDbEntity
  8
D-STR-WALL
100
AcDbLine
 10
2085.0
 20
22415.0
 30
0.0
 11
2085.0
 21
22505.0
 31
0.0
  0
LINE
  5
471
330
17
100
AcDbEntity
  8
D-STR-WALL
100
AcDbLine
 10
2085.0
 20
22505.0
 30
0.0
 11
2175.0
 21
22505.0
 31
0.0
  0
LINE
  5
472
330
17
100
AcDbEntity
  8
D-STR-WALL
100
AcDbLine
 10
2175.0
 20
22505.0
 30
0.0
 11
2175.0
 21
22415.0
 31
0.0
  0
LINE
  5
473
330
17
100
AcDbEntity
  8
D-STR-WALL
100
AcDbLine
 10
2175.0
 20
23325.0
 30
0.0
 11
2085.0
 21
23325.0
 31
0.0
  0
LINE
  5
474
330
17
100
AcDbEntity
  8
D-STR-WALL
100
AcDbLine
 10
2085.0
 20
23325.0
 30
0.0
 11
2085.0
 21
23415.0
 31
0.0
  0
LINE
  5
475
330
17
100
AcDbEntity
  8
D-STR-WALL
100
AcDbLine
 10
2085.0
 20
23415.0
 30
0.0
 11
2175.0
 21
23415.0
 31
0.0
  0
LINE
  5
476
330
17
100
AcDbEntity
  8
D-STR-WALL
100
AcDbLine
 10
2175.0
 20
23415.0
 30
0.0
 11
2175.0
 21
23325.0
 31
0.0
  0
LINE
  5
477
330
17
100
AcDbEntity
  8
D-STR-WALL
100
AcDbLine
 10
2175.0
 20
24235.0
 30
0.0
 11
2085.0
 21
24235.0
 31
0.0
  0
LINE
  5
478
330
17
100
AcDbEntity
  8
D-STR-WALL
100
AcDbLine
 10
2085.0
 20
24235.0
 30
0.0
 11
2085.0
 21
24325.0
 31
0.0
  0
LINE
  5
479
330
17
100
AcDbEntity
  8
D-STR-WALL
100
AcDbLine
 10
2085.0
 20
24325.0
 30
0.0
 11
2175.0
 21
24325.0
 31
0.0
  0
LINE
  5
47A
330
17
100
AcDbEntity
  8
D-STR-WALL
100
AcDbLine
 10
2175.0
 20
24325.0
 30
0.0
 11
2175.0
 21
24235.0
 31
0.0
  0
LINE
  5
47B
330
17
100
AcDbEntity
  8
D-STR-WALL
100
AcDbLine
 10
2190.0
 20
25130.0
 30
0.0
 11
2070.0
 21
25130.0
 31
0.0
  0
LINE
  5
47C
330
17
100
AcDbEntity
  8
D-STR-WALL
100
AcDbLine
 10
2070.0
 20
25130.0
 30
0.0
 11
2070.0
 21
25250.0
 31
0.0
  0
LINE
  5
47D
330
17
100
AcDbEntity
  8
D-STR-WALL
100
AcDbLine
 10
2070.0
 20
25250.0
 30
0.0
 11
2190.0
 21
25250.0
 31
0.0
  0
LINE
  5
47E
330
17
100
AcDbEntity
  8
D-STR-WALL
100
AcDbLine
 10
2190.0
 20
25250.0
 30
0.0
 11
2190.0
 21
25130.0
 31
0.0
  0
LINE
  5
47F
330
17
100
AcDbEntity
  8
D-STR-WALL
100
AcDbLine
 10
1175.0
 20
22285.0
 30
0.0
 11
1085.0
 21
22285.0
 31
0.0
  0
LINE
  5
480
330
17
100
AcDbEntity
  8
D-STR-WALL
100
AcDbLine
 10
1085.0
 20
22285.0
 30
0.0
 11
1085.0
 21
22375.0
 31
0.0
  0
LINE
  5
481
330
17
100
AcDbEntity
  8
D-STR-WALL
100
AcDbLine
 10
1085.0
 20
22375.0
 30
0.0
 11
1175.0
 21
22375.0
 31
0.0
  0
LINE
  5
482
330
17
100
AcDbEntity
  8
D-STR-WALL
100
AcDbLine
 10
1175.0
 20
22375.0
 30
0.0
 11
1175.0
 21
22285.0
 31
0.0
  0
DIMENSION
  5
483
330
17
100
AcDbEntity
  8
D-STR-DIM
100
AcDbDimension
280
0
  2
*D5
  3
EZDXF
 10
0.0
 20
25800.0
 30
0.0
 11
4095.0
 21
26006.25
 31
0.0
 70
32
 71
5
  1
<>
100
AcDbAlignedDimension
 13
0.0
 23
25280.0
 33
0.0
 14
8190.0
 24
25280.0
 34
0.0
 50
0.0
100
AcDbRotatedDimension
1001
ACAD
1000
DSTYLE
1002
{
1070
140
1040
187.5
1070
41
1040
150.0
1070
147
1040
112.5
1070
42
1040
112.5
1070
44
1040
112.5
1070
176
1070
7
1070
177
1070
7
1070
178
1070
7
1070
371
1070
13
1070
372
1070
13
1070
271
1070
0
1070
77
1070
1
1070
144
1040
1.0
1070
277
1070
2
1070
342
1005
0
1070
340
1005
8A
1002
}
  0
TEXT
  5
492
330
17
100
AcDbEntity
  8
D-STR-TXT
100
AcDbText
 10
4550.0
 20
17500.0
 30
0.0
 40
180.0
  1
I01～I07：内側支持肋 / 幅140 / 上端Z=-200（仮定）
  7
HOUSE_UNICODE
 72
1
 11
4550.0
 21
17500.0
 31
0.0
100
AcDbText
 73
2
  0
TEXT
  5
493
330
17
100
AcDbEntity
  8
D-STR-TXT
100
AcDbText
 10
4550.0
 20
17150.0
 30
0.0
 40
165.0
  1
地盤・反力・配筋・沈下を計算して断面を決める。
  7
HOUSE_UNICODE
 72
1
 11
4550.0
 21
17150.0
 31
0.0
100
AcDbText
 73
2
  0
LINE
  5
494
330
17
100
AcDbEntity
  8
D-STR-WALL
100
AcDbLine
 10
16435.0
 20
18200.0
 30
0.0
 11
12755.0
 21
18200.0
 31
0.0
  0
LINE
  5
495
330
17
100
AcDbEntity
  8
D-STR-WALL
100
AcDbLine
 10
12755.0
 20
18200.0
 30
0.0
 11
12755.0
 21
25080.0
 31
0.0
  0
LINE
  5
496
330
17
100
AcDbEntity
  8
D-STR-WALL
100
AcDbLine
 10
12755.0
 20
25080.0
 30
0.0
 11
16435.0
 21
25080.0
 31
0.0
  0
LINE
  5
497
330
17
100
AcDbEntity
  8
D-STR-WALL
100
AcDbLine
 10
16435.0
 20
25080.0
 30
0.0
 11
16435.0
 21
18200.0
 31
0.0
  0
LWPOLYLINE
  5
498
330
17
100
AcDbEntity
  8
D-STR-DOOR
100
AcDbPolyline
 90
4
 70
1
 10
16435.0
 20
18090.0
 10
16375.0
 20
18090.0
 10
16375.0
 20
25190.0
 10
16435.0
 20
25190.0
  0
LWPOLYLINE
  5
499
330
17
100
AcDbEntity
  8
D-STR-DOOR
100
AcDbPolyline
 90
4
 70
1
 10
15996.25
 20
18090.0
 10
15936.25
 20
18090.0
 10
15936.25
 20
25190.0
 10
15996.25
 20
25190.0
  0
LWPOLYLINE
  5
49A
330
17
100
AcDbEntity
  8
D-STR-DOOR
100
AcDbPolyline
 90
4
 70
1
 10
15557.5
 20
18090.0
 10
15497.5
 20
18090.0
 10
15497.5
 20
25190.0
 10
15557.5
 20
25190.0
  0
LWPOLYLINE
  5
49B
330
17
100
AcDbEntity
  8
D-STR-DOOR
100
AcDbPolyline
 90
4
 70
1
 10
15118.75
 20
18090.0
 10
15058.75
 20
18090.0
 10
15058.75
 20
25190.0
 10
15118.75
 20
25190.0
  0
LWPOLYLINE
  5
49C
330
17
100
AcDbEntity
  8
D-STR-DOOR
100
AcDbPolyline
 90
4
 70
1
 10
14240.0
 20
18090.0
 10
14180.0
 20
18090.0
 10
14180.0
 20
21445.0
 10
14240.0
 20
21445.0
  0
LWPOLYLINE
  5
49D
330
17
100
AcDbEntity
  8
D-STR-DOOR
100
AcDbPolyline
 90
4
 70
1
 10
14240.0
 20
22215.0
 10
14180.0
 20
22215.0
 10
14180.0
 20
25190.0
 10
14240.0
 20
25190.0
  0
LWPOLYLINE
  5
49E
330
17
100
AcDbEntity
  8
D-STR-DOOR
100
AcDbPolyline
 90
4
 70
1
 10
13800.0
 20
18090.0
 10
13740.0
 20
18090.0
 10
13740.0
 20
21445.0
 10
13800.0
 20
21445.0
  0
LWPOLYLINE
  5
49F
330
17
100
AcDbEntity
  8
D-STR-DOOR
100
AcDbPolyline
 90
4
 70
1
 10
13800.0
 20
22215.0
 10
13740.0
 20
22215.0
 10
13740.0
 20
25190.0
 10
13800.0
 20
25190.0
  0
LWPOLYLINE
  5
4A0
330
17
100
AcDbEntity
  8
D-STR-DOOR
100
AcDbPolyline
 90
4
 70
1
 10
13087.5
 20
18090.0
 10
13027.5
 20
18090.0
 10
13027.5
 20
25190.0
 10
13087.5
 20
25190.0
  0
LWPOLYLINE
  5
4A1
330
17
100
AcDbEntity
  8
D-STR-DOOR
100
AcDbPolyline
 90
4
 70
1
 10
12815.0
 20
18090.0
 10
12755.0
 20
18090.0
 10
12755.0
 20
25190.0
 10
12815.0
 20
25190.0
  0
LWPOLYLINE
  5
4A2
330
17
100
AcDbEntity
  8
D-STR-DOOR
100
AcDbPolyline
 90
4
 70
1
 10
14710.0
 20
18090.0
 10
14590.0
 20
18090.0
 10
14590.0
 20
25190.0
 10
14710.0
 20
25190.0
  0
LWPOLYLINE
  5
4A3
330
17
100
AcDbEntity
  8
D-STR-DOOR
100
AcDbPolyline
 90
4
 70
1
 10
13390.0
 20
18090.0
 10
13270.0
 20
18090.0
 10
13270.0
 20
25190.0
 10
13390.0
 20
25190.0
  0
LWPOLYLINE
  5
4A4
330
17
100
AcDbEntity
  8
D-STR-DOOR
100
AcDbPolyline
 90
4
 70
1
 10
14590.0
 20
21445.0
 10
13390.0
 20
21445.0
 10
13390.0
 20
21505.0
 10
14590.0
 20
21505.0
  0
LWPOLYLINE
  5
4A5
330
17
100
AcDbEntity
  8
D-STR-DOOR
100
AcDbPolyline
 90
4
 70
1
 10
14590.0
 20
22155.0
 10
13390.0
 20
22155.0
 10
13390.0
 20
22215.0
 10
14590.0
 20
22215.0
  0
LINE
  5
4A6
330
17
100
AcDbEntity
  8
D-STR-WALL
100
AcDbLine
 10
14590.0
 20
21505.0
 30
0.0
 11
13390.0
 21
21505.0
 31
0.0
  0
LINE
  5
4A7
330
17
100
AcDbEntity
  8
D-STR-WALL
100
AcDbLine
 10
13390.0
 20
21505.0
 30
0.0
 11
13390.0
 21
22155.0
 31
0.0
  0
LINE
  5
4A8
330
17
100
AcDbEntity
  8
D-STR-WALL
100
AcDbLine
 10
13390.0
 20
22155.0
 30
0.0
 11
14590.0
 21
22155.0
 31
0.0
  0
LINE
  5
4A9
330
17
100
AcDbEntity
  8
D-STR-WALL
100
AcDbLine
 10
14590.0
 20
22155.0
 30
0.0
 11
14590.0
 21
21505.0
 31
0.0
  0
TEXT
  5
4AA
330
17
100
AcDbEntity
  8
D-STR-TXT
100
AcDbText
 10
13990.0
 20
21830.0
 30
0.0
 40
180.0
  1
検修口
  7
HOUSE_UNICODE
 72
1
 11
13990.0
 21
21830.0
 31
0.0
100
AcDbText
 73
2
  0
DIMENSION
  5
4AB
330
17
100
AcDbEntity
  8
D-STR-DIM
100
AcDbDimension
280
0
  2
*D6
  3
EZDXF
 10
13390.0
 20
22605.0
 30
0.0
 11
13990.0
 21
22811.25
 31
0.0
 70
32
 71
5
  1
<>
100
AcDbAlignedDimension
 13
13390.0
 23
22155.0
 33
0.0
 14
14590.0
 24
22155.0
 34
0.0
 50
0.0
100
AcDbRotatedDimension
1001
ACAD
1000
DSTYLE
1002
{
1070
140
1040
187.5
1070
41
1040
150.0
1070
147
1040
112.5
1070
42
1040
112.5
1070
44
1040
112.5
1070
176
1070
7
1070
177
1070
7
1070
178
1070
7
1070
371
1070
13
1070
372
1070
13
1070
271
1070
0
1070
77
1070
1
1070
144
1040
1.0
1070
277
1070
2
1070
342
1005
0
1070
340
1005
8A
1002
}
  0
DIMENSION
  5
4BA
330
17
100
AcDbEntity
  8
D-STR-DIM
100
AcDbDimension
280
0
  2
*D7
  3
EZDXF
 10
12740.0
 20
21505.0
 30
0.0
 11
12533.75
 21
21830.0
 31
0.0
 70
32
 71
5
  1
<>
100
AcDbAlignedDimension
 13
13390.0
 23
21505.0
 33
0.0
 14
13390.0
 24
22155.0
 34
0.0
 50
90.0
100
AcDbRotatedDimension
1001
ACAD
1000
DSTYLE
1002
{
1070
140
1040
187.5
1070
41
1040
150.0
1070
147
1040
112.5
1070
42
1040
112.5
1070
44
1040
112.5
1070
176
1070
7
1070
177
1070
7
1070
178
1070
7
1070
371
1070
13
1070
372
1070
13
1070
271
1070
0
1070
77
1070
1
1070
144
1040
1.0
1070
277
1070
2
1070
342
1005
0
1070
340
1005
8A
1002
}
  0
DIMENSION
  5
4C9
330
17
100
AcDbEntity
  8
D-STR-DIM
100
AcDbDimension
280
0
  2
*D8
  3
EZDXF
 10
12755.0
 20
25800.0
 30
0.0
 11
14595.0
 21
26006.25
 31
0.0
 70
32
 71
5
  1
<>
100
AcDbAlignedDimension
 13
12755.0
 23
25080.0
 33
0.0
 14
16435.0
 24
25080.0
 34
0.0
 50
0.0
100
AcDbRotatedDimension
1001
ACAD
1000
DSTYLE
1002
{
1070
140
1040
187.5
1070
41
1040
150.0
1070
147
1040
112.5
1070
42
1040
112.5
1070
44
1040
112.5
1070
176
1070
7
1070
177
1070
7
1070
178
1070
7
1070
371
1070
13
1070
372
1070
13
1070
271
1070
0
1070
77
1070
1
1070
144
1040
1.0
1070
277
1070
2
1070
342
1005
0
1070
340
1005
8A
1002
}
  0
TEXT
  5
4D8
330
17
100
AcDbEntity
  8
D-STR-TXT
100
AcDbText
 10
15050.0
 20
17500.0
 30
0.0
 40
180.0
  1
根太60×H180・間隔≤455 / 開口両側120幅
  7
HOUSE_UNICODE
 72
1
 11
15050.0
 21
17500.0
 31
0.0
100
AcDbText
 73
2
  0
TEXT
  5
4D9
330
17
100
AcDbEntity
  8
D-STR-TXT
100
AcDbText
 10
15050.0
 20
17150.0
 30
0.0
 40
165.0
  1
開口補強梁60×H180 / 全て断面未計算
  7
HOUSE_UNICODE
 72
1
 11
15050.0
 21
17150.0
 31
0.0
100
AcDbText
 73
2
  0
TEXT
  5
4DA
330
17
100
AcDbEntity
  8
D-STR-TXT
100
AcDbText
 10
0.0
 20
16000.0
 30
0.0
 40
262.5
  1
03 東西参考断面 / 1:75（Zは実座標）
  7
HOUSE_UNICODE
 11
0.0
 21
16000.0
 31
0.0
100
AcDbText
 73
2
  0
LINE
  5
4DB
330
17
100
AcDbEntity
  8
D-STR-WALL
100
AcDbLine
 10
0.0
 20
12904.0
 30
0.0
 11
4095.0
 21
15268.249352331517
 31
0.0
  0
LINE
  5
4DC
330
17
100
AcDbEntity
  8
D-STR-DOOR
100
AcDbLine
 10
0.0
 20
13054.0
 30
0.0
 11
4095.0
 21
15418.249352331517
 31
0.0
  0
LINE
  5
4DD
330
17
100
AcDbEntity
  8
D-STR-WALL
100
AcDbLine
 10
4095.0
 20
15268.249352331517
 30
0.0
 11
8190.0
 21
12904.0
 31
0.0
  0
LINE
  5
4DE
330
17
100
AcDbEntity
  8
D-STR-DOOR
100
AcDbLine
 10
4095.0
 20
15418.249352331517
 30
0.0
 11
8190.0
 21
13054.0
 31
0.0
  0
LINE
  5
4DF
330
17
100
AcDbEntity
  8
D-STR-WALL
100
AcDbLine
 10
2255.0
 20
12922.0
 30
0.0
 11
5935.0
 21
12922.0
 31
0.0
  0
LINE
  5
4E0
330
17
100
AcDbEntity
  8
D-STR-DOOR
100
AcDbLine
 10
2255.0
 20
14155.924857022605
 30
0.0
 11
2456.0480451326684
 21
14272.0
 31
0.0
  0
LINE
  5
4E1
330
17
100
AcDbEntity
  8
D-STR-DOOR
100
AcDbLine
 10
2456.0480451326684
 20
14272.0
 30
0.0
 11
5733.951954867332
 21
14272.0
 31
0.0
  0
LINE
  5
4E2
330
17
100
AcDbEntity
  8
D-STR-DOOR
100
AcDbLine
 10
5733.951954867332
 20
14272.0
 30
0.0
 11
5935.0
 21
14155.924857022605
 31
0.0
  0
LWPOLYLINE
  5
4E3
330
17
100
AcDbEntity
  8
D-STR-DOOR
100
AcDbPolyline
 90
4
 70
1
 10
2255.0
 20
12700.0
 10
5935.0
 20
12700.0
 10
5935.0
 20
12880.0
 10
2255.0
 20
12880.0
  0
TEXT
  5
4E4
330
17
100
AcDbEntity
  8
D-STR-TXT
100
AcDbText
 10
3640.0
 20
13500.0
 30
0.0
 40
165.0
  1
収納 CH最大1350（仮定）
  7
HOUSE_UNICODE
 72
1
 11
3640.0
 21
13500.0
 31
0.0
100
AcDbText
 73
2
  0
TEXT
  5
4E5
330
17
100
AcDbEntity
  8
D-STR-TXT
100
AcDbText
 10
3640.0
 20
12400.0
 30
0.0
 40
165.0
  1
板18＋下地24 / 根太180 / 梁300（候補）
  7
HOUSE_UNICODE
 72
1
 11
3640.0
 21
12400.0
 31
0.0
100
AcDbText
 73
2
  0
TEXT
  5
4E6
330
17
100
AcDbEntity
  8
D-STR-TXT
100
AcDbText
 10
0.0
 20
12000.0
 30
0.0
 40
165.0
  1
屋根材内部の表示用材寸法は未計算。屋根構成・梁せいを再設計。
  7
HOUSE_UNICODE
 11
0.0
 21
12000.0
 31
0.0
100
AcDbText
 73
2
  0
TEXT
  5
4E7
330
17
100
AcDbEntity
  8
D-STR-TXT
100
AcDbText
 10
12000.0
 20
16000.0
 30
0.0
 40
262.5
  1
04 基礎参考断面 / 1:25
  7
HOUSE_UNICODE
 11
12000.0
 21
16000.0
 31
0.0
100
AcDbText
 73
2
  0
LWPOLYLINE
  5
4E8
330
17
100
AcDbEntity
  8
D-STR-DOOR
100
AcDbPolyline
 90
4
 70
1
 10
12000.0
 20
12300.0
 10
14550.0
 20
12300.0
 10
14550.0
 20
12750.0
 10
12000.0
 20
12750.0
  0
LWPOLYLINE
  5
4E9
330
17
100
AcDbEntity
  8
D-STR-DOOR
100
AcDbPolyline
 90
4
 70
1
 10
12000.0
 20
12750.0
 10
12420.0
 20
12750.0
 10
12420.0
 20
14100.0
 10
12000.0
 20
14100.0
  0
LWPOLYLINE
  5
4EA
330
17
100
AcDbEntity
  8
D-STR-DOOR
100
AcDbPolyline
 90
4
 70
1
 10
12090.0
 20
14100.0
 10
12450.0
 20
14100.0
 10
12450.0
 20
14460.0
 10
12090.0
 20
14460.0
  0
LWPOLYLINE
  5
4EB
330
17
100
AcDbEntity
  8
D-STR-DOOR
100
AcDbPolyline
 90
4
 70
1
 10
12135.0
 20
14460.0
 10
12405.0
 20
14460.0
 10
12405.0
 20
15300.0
 10
12135.0
 20
15300.0
  0
LINE
  5
4EC
330
17
100
AcDbEntity
  8
D-STR-DIM
100
AcDbLine
 10
14800.0
 20
14100.0
 30
0.0
 11
15500.0
 21
14100.0
 31
0.0
  0
TEXT
  5
4ED
330
17
100
AcDbEntity
  8
D-STR-TXT
100
AcDbText
 10
15650.0
 20
14100.0
 30
0.0
 40
165.0
  1
基礎上端 -200
  7
HOUSE_UNICODE
 11
15650.0
 21
14100.0
 31
0.0
100
AcDbText
 73
2
  0
LINE
  5
4EE
330
17
100
AcDbEntity
  8
D-STR-DIM
100
AcDbLine
 10
14800.0
 20
14460.0
 30
0.0
 11
15500.0
 21
14460.0
 31
0.0
  0
TEXT
  5
4EF
330
17
100
AcDbEntity
  8
D-STR-TXT
100
AcDbText
 10
15650.0
 20
14460.0
 30
0.0
 40
165.0
  1
土台上端 -80
  7
HOUSE_UNICODE
 11
15650.0
 21
14460.0
 31
0.0
100
AcDbText
 73
2
  0
LINE
  5
4F0
330
17
100
AcDbEntity
  8
D-STR-DIM
100
AcDbLine
 10
14800.0
 20
12750.0
 30
0.0
 11
15500.0
 21
12750.0
 31
0.0
  0
TEXT
  5
4F1
330
17
100
AcDbEntity
  8
D-STR-TXT
100
AcDbText
 10
15650.0
 20
12750.0
 30
0.0
 40
165.0
  1
底板上端 -650
  7
HOUSE_UNICODE
 11
15650.0
 21
12750.0
 31
0.0
100
AcDbText
 73
2
  0
LINE
  5
4F2
330
17
100
AcDbEntity
  8
D-STR-DIM
100
AcDbLine
 10
14800.0
 20
12300.0
 30
0.0
 11
15500.0
 21
12300.0
 31
0.0
  0
TEXT
  5
4F3
330
17
100
AcDbEntity
  8
D-STR-TXT
100
AcDbText
 10
15650.0
 20
12300.0
 30
0.0
 40
165.0
  1
底板下面 -800
  7
HOUSE_UNICODE
 11
15650.0
 21
12300.0
 31
0.0
100
AcDbText
 73
2
  0
TEXT
  5
4F4
330
17
100
AcDbEntity
  8
D-STR-TXT
100
AcDbText
 10
12000.0
 20
11750.0
 30
0.0
 40
165.0
  1
底板150・立上り140・土台120：デモ入力
  7
HOUSE_UNICODE
 11
12000.0
 21
11750.0
 31
0.0
100
AcDbText
 73
2
  0
TEXT
  5
4F5
330
17
100
AcDbEntity
  8
D-STR-TXT
100
AcDbText
 10
12000.0
 20
11350.0
 30
0.0
 40
165.0
  1
支持肋は外周と交差部を整理。接触は耐力の証明ではない。
  7
HOUSE_UNICODE
 11
12000.0
 21
11350.0
 31
0.0
100
AcDbText
 73
2
  0
TEXT
  5
4F6
330
17
100
AcDbEntity
  8
D-STR-TXT
100
AcDbText
 10
0.0
 20
10300.0
 30
0.0
 40
172.5
  1
所在地・地盤・材料等級・積載荷重は未指定。engineering_inputs_R06.jsonの未設定項目を要入力。
  7
HOUSE_UNICODE
 11
0.0
 21
10300.0
 31
0.0
100
AcDbText
 73
2
  0
TEXT
  5
4F7
330
17
100
AcDbEntity
  8
D-STR-TXT
100
AcDbText
 10
0.0
 20
9950.0
 30
0.0
 40
172.5
  1
耐力壁量・偏心・梁の曲げ／せん断／たわみ・接合部・基礎支持力・配筋・沈下は未計算。
  7
HOUSE_UNICODE
 11
0.0
 21
9950.0
 31
0.0
100
AcDbText
 73
2
  0
TEXT
  5
4F8
330
17
100
AcDbEntity
  8
D-STR-TXT
100
AcDbText
 10
0.0
 20
9600.0
 30
0.0
 40
172.5
  1
収納の不算入・用途・天井処理は所在地で要確認。図面は構造計算書・確認申請・施工図ではない。
  7
HOUSE_UNICODE
 11
0.0
 21
9600.0
 31
0.0
100
AcDbText
 73
2
  0
VIEWPORT
  5
3C2
330
3BE
100
AcDbEntity
 67
1
  8
VIEWPORTS
100
AcDbViewport
 10
210.0
 20
148.5
 30
0.0
 40
462.00000000000006
 41
326.70000000000005
 68
1
 69
1
 12
210.0
 22
148.5
 13
0.0
 23
0.0
 14
10.0
 24
10.0
 15
10.0
 25
10.0
 16
0.0
 26
0.0
 36
1.0
 17
0.0
 27
0.0
 37
0.0
 42
50.0
 43
0.0
 44
0.0
 45
326.70000000000005
 50
0.0
 51
0.0
 72
100
 90
557088
  1

281
0
 71
0
 74
0
110
0.0
120
0.0
130
0.0
111
1.0
121
0.0
131
0.0
112
0.0
122
1.0
132
0.0
 79
0
146
0.0
282
0
  0
LWPOLYLINE
  5
3C3
330
3BE
100
AcDbEntity
 67
1
  8
D-TTL-FRAM
100
AcDbPolyline
 90
4
 70
1
 10
7.5
 20
7.5
 10
412.5
 20
7.5
 10
412.5
 20
289.5
 10
7.5
 20
289.5
  0
VIEWPORT
  5
3C4
330
3BE
100
AcDbEntity
 67
1
  8
D-TTL-VPRT
100
AcDbViewport
 10
210.0
 20
148.5
 30
0.0
 40
400.0
 41
278.0
 68
2
 69
3
 12
8600.0
 22
4675.0
 13
0.0
 23
0.0
 14
10.0
 24
10.0
 15
10.0
 25
10.0
 16
0.0
 26
0.0
 36
1.0
 17
0.0
 27
0.0
 37
0.0
 42
50.0
 43
0.0
 44
0.0
 45
13900.0
 50
0.0
 51
0.0
 72
100
 90
16384
  1

281
0
 71
0
 74
0
110
0.0
120
0.0
130
0.0
111
1.0
121
0.0
131
0.0
112
0.0
122
1.0
132
0.0
 79
0
146
0.0
282
0
  0
ENDSEC
  0
SECTION
  2
OBJECTS
  0
DICTIONARY
  5
A
330
0
100
AcDbDictionary
281
1
  3
ACAD_COLOR
350
B
  3
ACAD_GROUP
350
C
  3
ACAD_LAYOUT
350
D
  3
ACAD_MATERIAL
350
E
  3
ACAD_MLEADERSTYLE
350
F
  3
ACAD_MLINESTYLE
350
10
  3
ACAD_PLOTSETTINGS
350
11
  3
ACAD_PLOTSTYLENAME
350
12
  3
ACAD_SCALELIST
350
14
  3
ACAD_TABLESTYLE
350
15
  3
ACAD_VISUALSTYLE
350
16
  3
EZDXF_META
350
2D
  0
DICTIONARY
  5
B
330
A
100
AcDbDictionary
281
1
  0
DICTIONARY
  5
C
330
A
100
AcDbDictionary
281
1
  0
DICTIONARY
  5
D
330
A
100
AcDbDictionary
281
1
  3
Model
350
1A
  3
Layout1
350
1E
  3
STRUCTURE_01_A3_1_50
350
3C1
  3
STRUCTURE_02_A3_1_75
350
4FC
  0
DICTIONARY
  5
E
330
A
100
AcDbDictionary
281
1
  3
ByBlock
350
1F
  3
ByLayer
350
20
  3
Global
350
21
  0
DICTIONARY
  5
F
330
A
100
AcDbDictionary
281
1
  3
Standard
350
2C
  0
DICTIONARY
  5
10
330
A
100
AcDbDictionary
281
1
  3
Standard
350
22
  0
DICTIONARY
  5
11
330
A
100
AcDbDictionary
281
1
  0
ACDBDICTIONARYWDFLT
  5
12
330
A
100
AcDbDictionary
281
1
  3
Normal
350
13
100
AcDbDictionaryWithDefault
340
13
  0
ACDBPLACEHOLDER
  5
13
330
12
  0
DICTIONARY
  5
14
330
A
100
AcDbDictionary
281
1
  0
DICTIONARY
  5
15
330
A
100
AcDbDictionary
281
1
  0
DICTIONARY
  5
16
330
A
100
AcDbDictionary
281
1
  3
2dWireframe
350
5A
  3
Basic
350
5B
  3
Brighten
350
5C
  3
ColorChange
350
5D
  3
Conceptual
350
5E
  3
Dim
350
5F
  3
EdgeColorOff
350
60
  3
Facepattern
350
61
  3
Flat
350
62
  3
FlatWithEdges
350
63
  3
Gouraud
350
64
  3
GouraudWithEdges
350
65
  3
Hidden
350
66
  3
JitterOff
350
67
  3
Linepattern
350
68
  3
Modeling
350
69
  3
OverhangOff
350
6A
  3
Realistic
350
6B
  3
Shaded
350
6C
  3
Shaded with edges
350
6D
  3
Shades of Gray
350
6E
  3
Sketchy
350
6F
  3
Thicken
350
70
  3
Wireframe
350
71
  3
X-Ray
350
72
  0
LAYOUT
  5
1A
330
D
100
AcDbPlotSettings
  1

  4
A3
  6

 40
7.5
 41
20.0
 42
7.5
 43
20.0
 44
420.0
 45
297.0
 46
0.0
 47
0.0
 48
0.0
 49
0.0
140
0.0
141
0.0
142
1.0
143
1.0
 70
1024
 72
1
 73
0
 74
5
  7

 75
16
 76
0
 77
2
 78
300
147
1.0
148
0.0
149
0.0
100
AcDbLayout
  1
Model
 70
1
 71
0
 10
0.0
 20
0.0
 11
420.0
 21
297.0
 12
0.0
 22
0.0
 32
0.0
 14
1e+20
 24
1e+20
 34
1e+20
 15
-1e+20
 25
-1e+20
 35
-1e+20
146
0.0
 13
0.0
 23
0.0
 33
0.0
 16
1.0
 26
0.0
 36
0.0
 17
0.0
 27
1.0
 37
0.0
 76
1
330
17
  0
LAYOUT
  5
1E
330
D
100
AcDbPlotSettings
  1

  4
A3
  6

 40
7.5
 41
20.0
 42
7.5
 43
20.0
 44
420.0
 45
297.0
 46
0.0
 47
0.0
 48
0.0
 49
0.0
140
0.0
141
0.0
142
1.0
143
1.0
 70
0
 72
1
 73
0
 74
5
  7

 75
16
 76
0
 77
2
 78
300
147
1.0
148
0.0
149
0.0
100
AcDbLayout
  1
Layout1
 70
1
 71
1
 10
0.0
 20
0.0
 11
420.0
 21
297.0
 12
0.0
 22
0.0
 32
0.0
 14
1e+20
 24
1e+20
 34
1e+20
 15
-1e+20
 25
-1e+20
 35
-1e+20
146
0.0
 13
0.0
 23
0.0
 33
0.0
 16
1.0
 26
0.0
 36
0.0
 17
0.0
 27
1.0
 37
0.0
 76
1
330
1B
  0
MATERIAL
  5
1F
102
{ACAD_REACTORS
330
E
102
}
330
E
100
AcDbMaterial
  1
ByBlock
  2

 70
0
 40
1.0
 71
1
 41
1.0
 91
-1023410177
 42
1.0
 72
1
  3

 73
1
 74
1
 75
1
 44
0.5
 73
0
 45
1.0
 46
1.0
 77
1
  4

 78
1
 79
1
170
1
 48
1.0
171
1
  6

172
1
173
1
174
1
140
1.0
141
1.0
175
1
  7

176
1
177
1
178
1
143
1.0
179
1
  8

270
1
271
1
272
1
145
1.0
146
1.0
273
1
  9

274
1
275
1
276
1
 42
1.0
 72
1
  3

 73
1
 74
1
 75
1
 94
63
  0
MATERIAL
  5
20
102
{ACAD_REACTORS
330
E
102
}
330
E
100
AcDbMaterial
  1
ByLayer
  2

 70
0
 40
1.0
 71
1
 41
1.0
 91
-1023410177
 42
1.0
 72
1
  3

 73
1
 74
1
 75
1
 44
0.5
 73
0
 45
1.0
 46
1.0
 77
1
  4

 78
1
 79
1
170
1
 48
1.0
171
1
  6

172
1
173
1
174
1
140
1.0
141
1.0
175
1
  7

176
1
177
1
178
1
143
1.0
179
1
  8

270
1
271
1
272
1
145
1.0
146
1.0
273
1
  9

274
1
275
1
276
1
 42
1.0
 72
1
  3

 73
1
 74
1
 75
1
 94
63
  0
MATERIAL
  5
21
102
{ACAD_REACTORS
330
E
102
}
330
E
100
AcDbMaterial
  1
Global
  2

 70
0
 40
1.0
 71
1
 41
1.0
 91
-1023410177
 42
1.0
 72
1
  3

 73
1
 74
1
 75
1
 44
0.5
 73
0
 45
1.0
 46
1.0
 77
1
  4

 78
1
 79
1
170
1
 48
1.0
171
1
  6

172
1
173
1
174
1
140
1.0
141
1.0
175
1
  7

176
1
177
1
178
1
143
1.0
179
1
  8

270
1
271
1
272
1
145
1.0
146
1.0
273
1
  9

274
1
275
1
276
1
 42
1.0
 72
1
  3

 73
1
 74
1
 75
1
 94
63
  0
MLINESTYLE
  5
22
102
{ACAD_REACTORS
330
10
102
}
330
10
100
AcDbMlineStyle
  2
Standard
 70
0
  3

 62
256
 51
90.0
 52
90.0
 71
2
 49
0.5
 62
256
  6
BYLAYER
 49
-0.5
 62
256
  6
BYLAYER
  0
MLEADERSTYLE
  5
2C
102
{ACAD_REACTORS
330
F
102
}
330
F
100
AcDbMLeaderStyle
179
2
170
2
171
1
172
0
 90
2
 40
0.0
 41
0.0
173
1
 91
-1056964608
 92
-2
290
1
 42
2.0
291
1
 43
8.0
  3
Standard
 44
4.0
300

342
29
174
1
175
1
176
0
178
1
 93
-1056964608
 45
4.0
292
0
297
0
 46
4.0
 94
-1056964608
 47
1.0
 49
1.0
140
1.0
294
1
141
0.0
177
0
142
1.0
295
0
296
0
143
3.75
271
0
272
9
273
9
  0
DICTIONARY
  5
2D
330
A
100
AcDbDictionary
280
1
281
1
  3
CREATED_BY_EZDXF
350
2E
  3
REVISION
350
93
  3
STANDARD
350
94
  3
SCOPE
350
95
  3
SCALE
350
96
  3
SOURCE_URL
350
97
  3
WRITTEN_BY_EZDXF
350
502
  0
DICTIONARYVAR
  5
2E
330
2D
100
DictionaryVariables
280
0
  1
1.4.4 @ 2026-10-07T12:08:49.933503+00:00
  0
VISUALSTYLE
  5
5A
102
{ACAD_REACTORS
330
16
102
}
330
16
100
AcDbVisualStyle
  2
2dWireframe
 70
4
177
3
291
0
 70
58
 90
2
176
1
 90
2
176
1
 90
0
176
1
 90
0
176
1
 40
0.6
176
1
 40
30.0
176
1
 62
7
420
16777215
176
1
 90
1
176
1
 90
4
176
1
 62
7
176
1
 62
257
176
1
 90
1
176
1
 90
1
176
1
 40
1.0
176
1
 90
8
176
1
 62
7
176
1
 40
1.0
176
1
 90
1
176
1
 90
6
176
1
 90
2
176
1
 62
7
176
1
 90
5
176
1
 90
0
176
1
 90
0
176
1
290
0
176
1
 90
1
176
1
 40
0.0
176
1
 90
0
176
1
290
1
176
1
290
1
176
1
290
0
176
1
290
0
176
1
290
0
176
1
290
0
176
1
290
0
176
1
290
0
176
1
290
0
176
1
 90
50
176
1
 40
0.0
176
1
 40
1.0
176
1
 90
0
176
1
 62
18
420
0
176
1
 90
50
176
1
 90
3
176
1
 62
5
420
255
176
1
290
0
176
1
 90
50
176
1
 90
50
176
1
 90
50
176
1
290
0
176
1
 90
50
176
1
 62
256
176
0
 40
1.0
176
0
 90
2
176
1
  1
strokes_ogs.tif
176
1
290
0
176
1
 40
1.0
176
1
 40
1.0
176
1
  0
VISUALSTYLE
  5
5B
102
{ACAD_REACTORS
330
16
102
}
330
16
100
AcDbVisualStyle
  2
Basic
 70
7
177
3
291
1
 70
58
 90
2
176
1
 90
2
176
1
 90
0
176
1
 90
1
176
1
 40
0.6
176
1
 40
30.0
176
1
 62
7
420
16777215
176
1
 90
1
176
1
 90
4
176
1
 62
7
176
1
 62
257
176
1
 90
1
176
1
 90
1
176
1
 40
1.0
176
1
 90
8
176
1
 62
7
176
1
 40
1.0
176
1
 90
1
176
1
 90
6
176
1
 90
2
176
1
 62
7
176
1
 90
5
176
1
 90
0
176
1
 90
0
176
1
290
0
176
1
 90
1
176
1
 40
0.0
176
1
 90
0
176
1
290
0
176
1
290
1
176
1
290
1
176
1
290
0
176
1
290
0
176
1
290
0
176
1
290
0
176
1
290
0
176
1
290
0
176
1
 90
50
176
1
 40
0.0
176
1
 40
1.0
176
1
 90
0
176
1
 62
18
420
0
176
1
 90
50
176
1
 90
3
176
1
 62
5
420
255
176
1
290
0
176
1
 90
50
176
1
 90
50
176
1
 90
50
176
1
290
0
176
1
 90
50
176
1
 62
256
176
0
 40
1.0
176
0
 90
2
176
1
  1
strokes_ogs.tif
176
1
290
0
176
1
 40
1.0
176
1
 40
1.0
176
1
  0
VISUALSTYLE
  5
5C
102
{ACAD_REACTORS
330
16
102
}
330
16
100
AcDbVisualStyle
  2
Brighten
 70
12
177
3
291
1
 70
58
 90
2
176
1
 90
2
176
1
 90
0
176
1
 90
2
176
1
 40
0.6
176
1
 40
30.0
176
1
 62
7
420
16777215
176
1
 90
1
176
1
 90
4
176
1
 62
7
176
1
 62
257
176
1
 90
1
176
1
 90
1
176
1
 40
1.0
176
1
 90
8
176
1
 62
7
176
1
 40
1.0
176
1
 90
1
176
1
 90
6
176
1
 90
2
176
1
 62
7
176
1
 90
5
176
1
 90
0
176
1
 90
0
176
1
290
0
176
1
 90
1
176
1
 40
0.0
176
1
 90
0
176
1
290
0
176
1
290
1
176
1
290
1
176
1
290
0
176
1
290
0
176
1
290
0
176
1
290
0
176
1
290
0
176
1
290
0
176
1
 90
50
176
1
 40
0.0
176
1
 40
1.0
176
1
 90
0
176
1
 62
18
420
0
176
1
 90
50
176
1
 90
3
176
1
 62
5
420
255
176
1
290
0
176
1
 90
50
176
1
 90
50
176
1
 90
50
176
1
290
0
176
1
 90
50
176
1
 62
256
176
0
 40
1.0
176
0
 90
2
176
1
  1
strokes_ogs.tif
176
1
290
0
176
1
 40
1.0
176
1
 40
1.0
176
1
  0
VISUALSTYLE
  5
5D
102
{ACAD_REACTORS
330
16
102
}
330
16
100
AcDbVisualStyle
  2
ColorChange
 70
16
177
3
291
1
 70
58
 90
2
176
1
 90
2
176
1
 90
0
176
1
 90
2
176
1
 40
0.6
176
1
 40
30.0
176
1
 62
7
420
16777215
176
1
 90
1
176
1
 90
4
176
1
 62
7
176
1
 62
257
176
1
 90
1
176
1
 90
1
176
1
 40
1.0
176
1
 90
8
176
1
 62
7
176
1
 40
1.0
176
1
 90
1
176
1
 90
6
176
1
 90
2
176
1
 62
7
176
1
 90
5
176
1
 90
0
176
1
 90
0
176
1
290
0
176
1
 90
1
176
1
 40
0.0
176
1
 90
0
176
1
290
0
176
1
290
1
176
1
290
1
176
1
290
0
176
1
290
0
176
1
290
0
176
1
290
0
176
1
290
0
176
1
290
0
176
1
 90
50
176
1
 40
0.0
176
1
 40
1.0
176
1
 90
0
176
1
 62
18
420
0
176
1
 90
50
176
1
 90
3
176
1
 62
5
420
255
176
1
290
0
176
1
 90
50
176
1
 90
50
176
1
 90
50
176
1
290
0
176
1
 90
50
176
1
 62
256
176
0
 40
1.0
176
0
 90
2
176
1
  1
strokes_ogs.tif
176
1
290
0
176
1
 40
1.0
176
1
 40
1.0
176
1
  0
VISUALSTYLE
  5
5E
102
{ACAD_REACTORS
330
16
102
}
330
16
100
AcDbVisualStyle
  2
Conceptual
 70
9
177
3
291
0
 70
58
 90
2
176
1
 90
2
176
1
 90
0
176
1
 90
3
176
1
 40
0.6
176
1
 40
30.0
176
1
 62
7
420
16777215
176
1
 90
1
176
1
 90
4
176
1
 62
7
176
1
 62
257
176
1
 90
1
176
1
 90
1
176
1
 40
1.0
176
1
 90
8
176
1
 62
7
176
1
 40
1.0
176
1
 90
1
176
1
 90
6
176
1
 90
2
176
1
 62
7
176
1
 90
5
176
1
 90
0
176
1
 90
0
176
1
290
0
176
1
 90
1
176
1
 40
0.0
176
1
 90
0
176
1
290
0
176
1
290
1
176
1
290
1
176
1
290
0
176
1
290
0
176
1
290
0
176
1
290
0
176
1
290
0
176
1
290
0
176
1
 90
50
176
1
 40
0.0
176
1
 40
1.0
176
1
 90
0
176
1
 62
18
420
0
176
1
 90
50
176
1
 90
3
176
1
 62
5
420
255
176
1
290
0
176
1
 90
50
176
1
 90
50
176
1
 90
50
176
1
290
0
176
1
 90
50
176
1
 62
256
176
0
 40
1.0
176
0
 90
2
176
1
  1
strokes_ogs.tif
176
1
290
0
176
1
 40
1.0
176
1
 40
1.0
176
1
  0
VISUALSTYLE
  5
5F
102
{ACAD_REACTORS
330
16
102
}
330
16
100
AcDbVisualStyle
  2
Dim
 70
11
177
3
291
1
 70
58
 90
2
176
1
 90
2
176
1
 90
0
176
1
 90
2
176
1
 40
0.6
176
1
 40
30.0
176
1
 62
7
420
16777215
176
1
 90
1
176
1
 90
4
176
1
 62
7
176
1
 62
257
176
1
 90
1
176
1
 90
1
176
1
 40
1.0
176
1
 90
8
176
1
 62
7
176
1
 40
1.0
176
1
 90
1
176
1
 90
6
176
1
 90
2
176
1
 62
7
176
1
 90
5
176
1
 90
0
176
1
 90
0
176
1
290
0
176
1
 90
1
176
1
 40
0.0
176
1
 90
0
176
1
290
0
176
1
290
1
176
1
290
1
176
1
290
0
176
1
290
0
176
1
290
0
176
1
290
0
176
1
290
0
176
1
290
0
176
1
 90
50
176
1
 40
0.0
176
1
 40
1.0
176
1
 90
0
176
1
 62
18
420
0
176
1
 90
50
176
1
 90
3
176
1
 62
5
420
255
176
1
290
0
176
1
 90
50
176
1
 90
50
176
1
 90
50
176
1
290
0
176
1
 90
50
176
1
 62
256
176
0
 40
1.0
176
0
 90
2
176
1
  1
strokes_ogs.tif
176
1
290
0
176
1
 40
1.0
176
1
 40
1.0
176
1
  0
VISUALSTYLE
  5
60
102
{ACAD_REACTORS
330
16
102
}
330
16
100
AcDbVisualStyle
  2
EdgeColorOff
 70
22
177
3
291
1
 70
58
 90
2
176
1
 90
2
176
1
 90
0
176
1
 90
2
176
1
 40
0.6
176
1
 40
30.0
176
1
 62
7
420
16777215
176
1
 90
1
176
1
 90
4
176
1
 62
7
176
1
 62
257
176
1
 90
1
176
1
 90
1
176
1
 40
1.0
176
1
 90
8
176
1
 62
7
176
1
 40
1.0
176
1
 90
1
176
1
 90
6
176
1
 90
2
176
1
 62
7
176
1
 90
5
176
1
 90
0
176
1
 90
0
176
1
290
0
176
1
 90
1
176
1
 40
0.0
176
1
 90
0
176
1
290
0
176
1
290
1
176
1
290
1
176
1
290
0
176
1
290
0
176
1
290
0
176
1
290
0
176
1
290
0
176
1
290
0
176
1
 90
50
176
1
 40
0.0
176
1
 40
1.0
176
1
 90
0
176
1
 62
18
420
0
176
1
 90
50
176
1
 90
3
176
1
 62
5
420
255
176
1
290
0
176
1
 90
50
176
1
 90
50
176
1
 90
50
176
1
290
0
176
1
 90
50
176
1
 62
256
176
0
 40
1.0
176
0
 90
2
176
1
  1
strokes_ogs.tif
176
1
290
0
176
1
 40
1.0
176
1
 40
1.0
176
1
  0
VISUALSTYLE
  5
61
102
{ACAD_REACTORS
330
16
102
}
330
16
100
AcDbVisualStyle
  2
Facepattern
 70
15
177
3
291
1
 70
58
 90
2
176
1
 90
2
176
1
 90
0
176
1
 90
2
176
1
 40
0.6
176
1
 40
30.0
176
1
 62
7
420
16777215
176
1
 90
1
176
1
 90
4
176
1
 62
7
176
1
 62
257
176
1
 90
1
176
1
 90
1
176
1
 40
1.0
176
1
 90
8
176
1
 62
7
176
1
 40
1.0
176
1
 90
1
176
1
 90
6
176
1
 90
2
176
1
 62
7
176
1
 90
5
176
1
 90
0
176
1
 90
0
176
1
290
0
176
1
 90
1
176
1
 40
0.0
176
1
 90
0
176
1
290
0
176
1
290
1
176
1
290
1
176
1
290
0
176
1
290
0
176
1
290
0
176
1
290
0
176
1
290
0
176
1
290
0
176
1
 90
50
176
1
 40
0.0
176
1
 40
1.0
176
1
 90
0
176
1
 62
18
420
0
176
1
 90
50
176
1
 90
3
176
1
 62
5
420
255
176
1
290
0
176
1
 90
50
176
1
 90
50
176
1
 90
50
176
1
290
0
176
1
 90
50
176
1
 62
256
176
0
 40
1.0
176
0
 90
2
176
1
  1
strokes_ogs.tif
176
1
290
0
176
1
 40
1.0
176
1
 40
1.0
176
1
  0
VISUALSTYLE
  5
62
102
{ACAD_REACTORS
330
16
102
}
330
16
100
AcDbVisualStyle
  2
Flat
 70
0
177
3
291
1
 70
58
 90
2
176
1
 90
2
176
1
 90
0
176
1
 90
2
176
1
 40
0.6
176
1
 40
30.0
176
1
 62
7
420
16777215
176
1
 90
1
176
1
 90
4
176
1
 62
7
176
1
 62
257
176
1
 90
1
176
1
 90
1
176
1
 40
1.0
176
1
 90
8
176
1
 62
7
176
1
 40
1.0
176
1
 90
1
176
1
 90
6
176
1
 90
2
176
1
 62
7
176
1
 90
5
176
1
 90
0
176
1
 90
0
176
1
290
0
176
1
 90
1
176
1
 40
0.0
176
1
 90
0
176
1
290
0
176
1
290
1
176
1
290
1
176
1
290
0
176
1
290
0
176
1
290
0
176
1
290
0
176
1
290
0
176
1
290
0
176
1
 90
50
176
1
 40
0.0
176
1
 40
1.0
176
1
 90
0
176
1
 62
18
420
0
176
1
 90
50
176
1
 90
3
176
1
 62
5
420
255
176
1
290
0
176
1
 90
50
176
1
 90
50
176
1
 90
50
176
1
290
0
176
1
 90
50
176
1
 62
256
176
0
 40
1.0
176
0
 90
2
176
1
  1
strokes_ogs.tif
176
1
290
0
176
1
 40
1.0
176
1
 40
1.0
176
1
  0
VISUALSTYLE
  5
63
102
{ACAD_REACTORS
330
16
102
}
330
16
100
AcDbVisualStyle
  2
FlatWithEdges
 70
1
177
3
291
1
 70
58
 90
2
176
1
 90
2
176
1
 90
0
176
1
 90
2
176
1
 40
0.6
176
1
 40
30.0
176
1
 62
7
420
16777215
176
1
 90
1
176
1
 90
4
176
1
 62
7
176
1
 62
257
176
1
 90
1
176
1
 90
1
176
1
 40
1.0
176
1
 90
8
176
1
 62
7
176
1
 40
1.0
176
1
 90
1
176
1
 90
6
176
1
 90
2
176
1
 62
7
176
1
 90
5
176
1
 90
0
176
1
 90
0
176
1
290
0
176
1
 90
1
176
1
 40
0.0
176
1
 90
0
176
1
290
0
176
1
290
1
176
1
290
1
176
1
290
0
176
1
290
0
176
1
290
0
176
1
290
0
176
1
290
0
176
1
290
0
176
1
 90
50
176
1
 40
0.0
176
1
 40
1.0
176
1
 90
0
176
1
 62
18
420
0
176
1
 90
50
176
1
 90
3
176
1
 62
5
420
255
176
1
290
0
176
1
 90
50
176
1
 90
50
176
1
 90
50
176
1
290
0
176
1
 90
50
176
1
 62
256
176
0
 40
1.0
176
0
 90
2
176
1
  1
strokes_ogs.tif
176
1
290
0
176
1
 40
1.0
176
1
 40
1.0
176
1
  0
VISUALSTYLE
  5
64
102
{ACAD_REACTORS
330
16
102
}
330
16
100
AcDbVisualStyle
  2
Gouraud
 70
2
177
3
291
1
 70
58
 90
2
176
1
 90
2
176
1
 90
0
176
1
 90
2
176
1
 40
0.6
176
1
 40
30.0
176
1
 62
7
420
16777215
176
1
 90
1
176
1
 90
4
176
1
 62
7
176
1
 62
257
176
1
 90
1
176
1
 90
1
176
1
 40
1.0
176
1
 90
8
176
1
 62
7
176
1
 40
1.0
176
1
 90
1
176
1
 90
6
176
1
 90
2
176
1
 62
7
176
1
 90
5
176
1
 90
0
176
1
 90
0
176
1
290
0
176
1
 90
1
176
1
 40
0.0
176
1
 90
0
176
1
290
0
176
1
290
1
176
1
290
1
176
1
290
0
176
1
290
0
176
1
290
0
176
1
290
0
176
1
290
0
176
1
290
0
176
1
 90
50
176
1
 40
0.0
176
1
 40
1.0
176
1
 90
0
176
1
 62
18
420
0
176
1
 90
50
176
1
 90
3
176
1
 62
5
420
255
176
1
290
0
176
1
 90
50
176
1
 90
50
176
1
 90
50
176
1
290
0
176
1
 90
50
176
1
 62
256
176
0
 40
1.0
176
0
 90
2
176
1
  1
strokes_ogs.tif
176
1
290
0
176
1
 40
1.0
176
1
 40
1.0
176
1
  0
VISUALSTYLE
  5
65
102
{ACAD_REACTORS
330
16
102
}
330
16
100
AcDbVisualStyle
  2
GouraudWithEdges
 70
3
177
3
291
1
 70
58
 90
2
176
1
 90
2
176
1
 90
0
176
1
 90
2
176
1
 40
0.6
176
1
 40
30.0
176
1
 62
7
420
16777215
176
1
 90
1
176
1
 90
4
176
1
 62
7
176
1
 62
257
176
1
 90
1
176
1
 90
1
176
1
 40
1.0
176
1
 90
8
176
1
 62
7
176
1
 40
1.0
176
1
 90
1
176
1
 90
6
176
1
 90
2
176
1
 62
7
176
1
 90
5
176
1
 90
0
176
1
 90
0
176
1
290
0
176
1
 90
1
176
1
 40
0.0
176
1
 90
0
176
1
290
0
176
1
290
1
176
1
290
1
176
1
290
0
176
1
290
0
176
1
290
0
176
1
290
0
176
1
290
0
176
1
290
0
176
1
 90
50
176
1
 40
0.0
176
1
 40
1.0
176
1
 90
0
176
1
 62
18
420
0
176
1
 90
50
176
1
 90
3
176
1
 62
5
420
255
176
1
290
0
176
1
 90
50
176
1
 90
50
176
1
 90
50
176
1
290
0
176
1
 90
50
176
1
 62
256
176
0
 40
1.0
176
0
 90
2
176
1
  1
strokes_ogs.tif
176
1
290
0
176
1
 40
1.0
176
1
 40
1.0
176
1
  0
VISUALSTYLE
  5
66
102
{ACAD_REACTORS
330
16
102
}
330
16
100
AcDbVisualStyle
  2
Hidden
 70
6
177
3
291
0
 70
58
 90
2
176
1
 90
2
176
1
 90
0
176
1
 90
1
176
1
 40
0.6
176
1
 40
30.0
176
1
 62
7
420
16777215
176
1
 90
1
176
1
 90
4
176
1
 62
7
176
1
 62
257
176
1
 90
1
176
1
 90
1
176
1
 40
1.0
176
1
 90
8
176
1
 62
7
176
1
 40
1.0
176
1
 90
1
176
1
 90
6
176
1
 90
2
176
1
 62
7
176
1
 90
5
176
1
 90
0
176
1
 90
0
176
1
290
0
176
1
 90
1
176
1
 40
0.0
176
1
 90
0
176
1
290
0
176
1
290
1
176
1
290
1
176
1
290
0
176
1
290
0
176
1
290
0
176
1
290
0
176
1
290
0
176
1
290
0
176
1
 90
50
176
1
 40
0.0
176
1
 40
1.0
176
1
 90
0
176
1
 62
18
420
0
176
1
 90
50
176
1
 90
3
176
1
 62
5
420
255
176
1
290
0
176
1
 90
50
176
1
 90
50
176
1
 90
50
176
1
290
0
176
1
 90
50
176
1
 62
256
176
0
 40
1.0
176
0
 90
2
176
1
  1
strokes_ogs.tif
176
1
290
0
176
1
 40
1.0
176
1
 40
1.0
176
1
  0
VISUALSTYLE
  5
67
102
{ACAD_REACTORS
330
16
102
}
330
16
100
AcDbVisualStyle
  2
JitterOff
 70
20
177
3
291
1
 70
58
 90
2
176
1
 90
2
176
1
 90
0
176
1
 90
2
176
1
 40
0.6
176
1
 40
30.0
176
1
 62
7
420
16777215
176
1
 90
1
176
1
 90
4
176
1
 62
7
176
1
 62
257
176
1
 90
1
176
1
 90
1
176
1
 40
1.0
176
1
 90
8
176
1
 62
7
176
1
 40
1.0
176
1
 90
1
176
1
 90
6
176
1
 90
2
176
1
 62
7
176
1
 90
5
176
1
 90
0
176
1
 90
0
176
1
290
0
176
1
 90
1
176
1
 40
0.0
176
1
 90
0
176
1
290
0
176
1
290
1
176
1
290
1
176
1
290
0
176
1
290
0
176
1
290
0
176
1
290
0
176
1
290
0
176
1
290
0
176
1
 90
50
176
1
 40
0.0
176
1
 40
1.0
176
1
 90
0
176
1
 62
18
420
0
176
1
 90
50
176
1
 90
3
176
1
 62
5
420
255
176
1
290
0
176
1
 90
50
176
1
 90
50
176
1
 90
50
176
1
290
0
176
1
 90
50
176
1
 62
256
176
0
 40
1.0
176
0
 90
2
176
1
  1
strokes_ogs.tif
176
1
290
0
176
1
 40
1.0
176
1
 40
1.0
176
1
  0
VISUALSTYLE
  5
68
102
{ACAD_REACTORS
330
16
102
}
330
16
100
AcDbVisualStyle
  2
Linepattern
 70
14
177
3
291
1
 70
58
 90
2
176
1
 90
2
176
1
 90
0
176
1
 90
2
176
1
 40
0.6
176
1
 40
30.0
176
1
 62
7
420
16777215
176
1
 90
1
176
1
 90
4
176
1
 62
7
176
1
 62
257
176
1
 90
1
176
1
 90
1
176
1
 40
1.0
176
1
 90
8
176
1
 62
7
176
1
 40
1.0
176
1
 90
1
176
1
 90
6
176
1
 90
2
176
1
 62
7
176
1
 90
5
176
1
 90
0
176
1
 90
0
176
1
290
0
176
1
 90
1
176
1
 40
0.0
176
1
 90
0
176
1
290
0
176
1
290
1
176
1
290
1
176
1
290
0
176
1
290
0
176
1
290
0
176
1
290
0
176
1
290
0
176
1
290
0
176
1
 90
50
176
1
 40
0.0
176
1
 40
1.0
176
1
 90
0
176
1
 62
18
420
0
176
1
 90
50
176
1
 90
3
176
1
 62
5
420
255
176
1
290
0
176
1
 90
50
176
1
 90
50
176
1
 90
50
176
1
290
0
176
1
 90
50
176
1
 62
256
176
0
 40
1.0
176
0
 90
2
176
1
  1
strokes_ogs.tif
176
1
290
0
176
1
 40
1.0
176
1
 40
1.0
176
1
  0
VISUALSTYLE
  5
69
102
{ACAD_REACTORS
330
16
102
}
330
16
100
AcDbVisualStyle
  2
Modeling
 70
10
177
3
291
0
 70
58
 90
2
176
1
 90
2
176
1
 90
0
176
1
 90
2
176
1
 40
0.6
176
1
 40
30.0
176
1
 62
7
420
16777215
176
1
 90
1
176
1
 90
4
176
1
 62
7
176
1
 62
257
176
1
 90
1
176
1
 90
1
176
1
 40
1.0
176
1
 90
8
176
1
 62
7
176
1
 40
1.0
176
1
 90
1
176
1
 90
6
176
1
 90
2
176
1
 62
7
176
1
 90
5
176
1
 90
0
176
1
 90
0
176
1
290
0
176
1
 90
1
176
1
 40
0.0
176
1
 90
0
176
1
290
0
176
1
290
1
176
1
290
1
176
1
290
0
176
1
290
0
176
1
290
0
176
1
290
0
176
1
290
0
176
1
290
0
176
1
 90
50
176
1
 40
0.0
176
1
 40
1.0
176
1
 90
0
176
1
 62
18
420
0
176
1
 90
50
176
1
 90
3
176
1
 62
5
420
255
176
1
290
0
176
1
 90
50
176
1
 90
50
176
1
 90
50
176
1
290
0
176
1
 90
50
176
1
 62
256
176
0
 40
1.0
176
0
 90
2
176
1
  1
strokes_ogs.tif
176
1
290
0
176
1
 40
1.0
176
1
 40
1.0
176
1
  0
VISUALSTYLE
  5
6A
102
{ACAD_REACTORS
330
16
102
}
330
16
100
AcDbVisualStyle
  2
OverhangOff
 70
21
177
3
291
1
 70
58
 90
2
176
1
 90
2
176
1
 90
0
176
1
 90
2
176
1
 40
0.6
176
1
 40
30.0
176
1
 62
7
420
16777215
176
1
 90
1
176
1
 90
4
176
1
 62
7
176
1
 62
257
176
1
 90
1
176
1
 90
1
176
1
 40
1.0
176
1
 90
8
176
1
 62
7
176
1
 40
1.0
176
1
 90
1
176
1
 90
6
176
1
 90
2
176
1
 62
7
176
1
 90
5
176
1
 90
0
176
1
 90
0
176
1
290
0
176
1
 90
1
176
1
 40
0.0
176
1
 90
0
176
1
290
0
176
1
290
1
176
1
290
1
176
1
290
0
176
1
290
0
176
1
290
0
176
1
290
0
176
1
290
0
176
1
290
0
176
1
 90
50
176
1
 40
0.0
176
1
 40
1.0
176
1
 90
0
176
1
 62
18
420
0
176
1
 90
50
176
1
 90
3
176
1
 62
5
420
255
176
1
290
0
176
1
 90
50
176
1
 90
50
176
1
 90
50
176
1
290
0
176
1
 90
50
176
1
 62
256
176
0
 40
1.0
176
0
 90
2
176
1
  1
strokes_ogs.tif
176
1
290
0
176
1
 40
1.0
176
1
 40
1.0
176
1
  0
VISUALSTYLE
  5
6B
102
{ACAD_REACTORS
330
16
102
}
330
16
100
AcDbVisualStyle
  2
Realistic
 70
8
177
3
291
0
 70
58
 90
2
176
1
 90
2
176
1
 90
0
176
1
 90
2
176
1
 40
0.6
176
1
 40
30.0
176
1
 62
7
420
16777215
176
1
 90
1
176
1
 90
4
176
1
 62
7
176
1
 62
257
176
1
 90
1
176
1
 90
1
176
1
 40
1.0
176
1
 90
8
176
1
 62
7
176
1
 40
1.0
176
1
 90
1
176
1
 90
6
176
1
 90
2
176
1
 62
7
176
1
 90
5
176
1
 90
0
176
1
 90
0
176
1
290
0
176
1
 90
1
176
1
 40
0.0
176
1
 90
0
176
1
290
0
176
1
290
1
176
1
290
1
176
1
290
0
176
1
290
0
176
1
290
0
176
1
290
0
176
1
290
0
176
1
290
0
176
1
 90
50
176
1
 40
0.0
176
1
 40
1.0
176
1
 90
0
176
1
 62
18
420
0
176
1
 90
50
176
1
 90
3
176
1
 62
5
420
255
176
1
290
0
176
1
 90
50
176
1
 90
50
176
1
 90
50
176
1
290
0
176
1
 90
50
176
1
 62
256
176
0
 40
1.0
176
0
 90
2
176
1
  1
strokes_ogs.tif
176
1
290
0
176
1
 40
1.0
176
1
 40
1.0
176
1
  0
VISUALSTYLE
  5
6C
102
{ACAD_REACTORS
330
16
102
}
330
16
100
AcDbVisualStyle
  2
Shaded
 70
27
177
3
291
0
 70
58
 90
2
176
1
 90
2
176
1
 90
0
176
1
 90
2
176
1
 40
0.6
176
1
 40
30.0
176
1
 62
7
420
16777215
176
1
 90
1
176
1
 90
4
176
1
 62
7
176
1
 62
257
176
1
 90
1
176
1
 90
1
176
1
 40
1.0
176
1
 90
8
176
1
 62
7
176
1
 40
1.0
176
1
 90
1
176
1
 90
6
176
1
 90
2
176
1
 62
7
176
1
 90
5
176
1
 90
0
176
1
 90
0
176
1
290
0
176
1
 90
1
176
1
 40
0.0
176
1
 90
0
176
1
290
0
176
1
290
1
176
1
290
1
176
1
290
0
176
1
290
0
176
1
290
0
176
1
290
0
176
1
290
0
176
1
290
0
176
1
 90
50
176
1
 40
0.0
176
1
 40
1.0
176
1
 90
0
176
1
 62
18
420
0
176
1
 90
50
176
1
 90
3
176
1
 62
5
420
255
176
1
290
0
176
1
 90
50
176
1
 90
50
176
1
 90
50
176
1
290
0
176
1
 90
50
176
1
 62
256
176
0
 40
1.0
176
0
 90
2
176
1
  1
strokes_ogs.tif
176
1
290
0
176
1
 40
1.0
176
1
 40
1.0
176
1
  0
VISUALSTYLE
  5
6D
102
{ACAD_REACTORS
330
16
102
}
330
16
100
AcDbVisualStyle
  2
Shaded with edges
 70
26
177
3
291
0
 70
58
 90
2
176
1
 90
2
176
1
 90
0
176
1
 90
2
176
1
 40
0.6
176
1
 40
30.0
176
1
 62
7
420
16777215
176
1
 90
1
176
1
 90
4
176
1
 62
7
176
1
 62
257
176
1
 90
1
176
1
 90
1
176
1
 40
1.0
176
1
 90
8
176
1
 62
7
176
1
 40
1.0
176
1
 90
1
176
1
 90
6
176
1
 90
2
176
1
 62
7
176
1
 90
5
176
1
 90
0
176
1
 90
0
176
1
290
0
176
1
 90
1
176
1
 40
0.0
176
1
 90
0
176
1
290
0
176
1
290
1
176
1
290
1
176
1
290
0
176
1
290
0
176
1
290
0
176
1
290
0
176
1
290
0
176
1
290
0
176
1
 90
50
176
1
 40
0.0
176
1
 40
1.0
176
1
 90
0
176
1
 62
18
420
0
176
1
 90
50
176
1
 90
3
176
1
 62
5
420
255
176
1
290
0
176
1
 90
50
176
1
 90
50
176
1
 90
50
176
1
290
0
176
1
 90
50
176
1
 62
256
176
0
 40
1.0
176
0
 90
2
176
1
  1
strokes_ogs.tif
176
1
290
0
176
1
 40
1.0
176
1
 40
1.0
176
1
  0
VISUALSTYLE
  5
6E
102
{ACAD_REACTORS
330
16
102
}
330
16
100
AcDbVisualStyle
  2
Shades of Gray
 70
23
177
3
291
0
 70
58
 90
2
176
1
 90
2
176
1
 90
0
176
1
 90
2
176
1
 40
0.6
176
1
 40
30.0
176
1
 62
7
420
16777215
176
1
 90
1
176
1
 90
4
176
1
 62
7
176
1
 62
257
176
1
 90
1
176
1
 90
1
176
1
 40
1.0
176
1
 90
8
176
1
 62
7
176
1
 40
1.0
176
1
 90
1
176
1
 90
6
176
1
 90
2
176
1
 62
7
176
1
 90
5
176
1
 90
0
176
1
 90
0
176
1
290
0
176
1
 90
1
176
1
 40
0.0
176
1
 90
0
176
1
290
0
176
1
290
1
176
1
290
1
176
1
290
0
176
1
290
0
176
1
290
0
176
1
290
0
176
1
290
0
176
1
290
0
176
1
 90
50
176
1
 40
0.0
176
1
 40
1.0
176
1
 90
0
176
1
 62
18
420
0
176
1
 90
50
176
1
 90
3
176
1
 62
5
420
255
176
1
290
0
176
1
 90
50
176
1
 90
50
176
1
 90
50
176
1
290
0
176
1
 90
50
176
1
 62
256
176
0
 40
1.0
176
0
 90
2
176
1
  1
strokes_ogs.tif
176
1
290
0
176
1
 40
1.0
176
1
 40
1.0
176
1
  0
VISUALSTYLE
  5
6F
102
{ACAD_REACTORS
330
16
102
}
330
16
100
AcDbVisualStyle
  2
Sketchy
 70
24
177
3
291
0
 70
58
 90
2
176
1
 90
2
176
1
 90
0
176
1
 90
1
176
1
 40
0.6
176
1
 40
30.0
176
1
 62
7
420
16777215
176
1
 90
1
176
1
 90
4
176
1
 62
7
176
1
 62
257
176
1
 90
1
176
1
 90
1
176
1
 40
1.0
176
1
 90
8
176
1
 62
7
176
1
 40
1.0
176
1
 90
1
176
1
 90
6
176
1
 90
2
176
1
 62
7
176
1
 90
5
176
1
 90
0
176
1
 90
0
176
1
290
0
176
1
 90
1
176
1
 40
0.0
176
1
 90
0
176
1
290
0
176
1
290
1
176
1
290
1
176
1
290
0
176
1
290
0
176
1
290
0
176
1
290
0
176
1
290
0
176
1
290
0
176
1
 90
50
176
1
 40
0.0
176
1
 40
1.0
176
1
 90
0
176
1
 62
18
420
0
176
1
 90
50
176
1
 90
3
176
1
 62
5
420
255
176
1
290
0
176
1
 90
50
176
1
 90
50
176
1
 90
50
176
1
290
0
176
1
 90
50
176
1
 62
256
176
0
 40
1.0
176
0
 90
2
176
1
  1
strokes_ogs.tif
176
1
290
0
176
1
 40
1.0
176
1
 40
1.0
176
1
  0
VISUALSTYLE
  5
70
102
{ACAD_REACTORS
330
16
102
}
330
16
100
AcDbVisualStyle
  2
Thicken
 70
13
177
3
291
1
 70
58
 90
2
176
1
 90
2
176
1
 90
0
176
1
 90
2
176
1
 40
0.6
176
1
 40
30.0
176
1
 62
7
420
16777215
176
1
 90
1
176
1
 90
4
176
1
 62
7
176
1
 62
257
176
1
 90
1
176
1
 90
1
176
1
 40
1.0
176
1
 90
8
176
1
 62
7
176
1
 40
1.0
176
1
 90
1
176
1
 90
6
176
1
 90
2
176
1
 62
7
176
1
 90
5
176
1
 90
0
176
1
 90
0
176
1
290
0
176
1
 90
1
176
1
 40
0.0
176
1
 90
0
176
1
290
0
176
1
290
1
176
1
290
1
176
1
290
0
176
1
290
0
176
1
290
0
176
1
290
0
176
1
290
0
176
1
290
0
176
1
 90
50
176
1
 40
0.0
176
1
 40
1.0
176
1
 90
0
176
1
 62
18
420
0
176
1
 90
50
176
1
 90
3
176
1
 62
5
420
255
176
1
290
0
176
1
 90
50
176
1
 90
50
176
1
 90
50
176
1
290
0
176
1
 90
50
176
1
 62
256
176
0
 40
1.0
176
0
 90
2
176
1
  1
strokes_ogs.tif
176
1
290
0
176
1
 40
1.0
176
1
 40
1.0
176
1
  0
VISUALSTYLE
  5
71
102
{ACAD_REACTORS
330
16
102
}
330
16
100
AcDbVisualStyle
  2
Wireframe
 70
5
177
3
291
0
 70
58
 90
2
176
1
 90
2
176
1
 90
0
176
1
 90
0
176
1
 40
0.6
176
1
 40
30.0
176
1
 62
7
420
16777215
176
1
 90
1
176
1
 90
4
176
1
 62
7
176
1
 62
257
176
1
 90
1
176
1
 90
1
176
1
 40
1.0
176
1
 90
8
176
1
 62
7
176
1
 40
1.0
176
1
 90
1
176
1
 90
6
176
1
 90
2
176
1
 62
7
176
1
 90
5
176
1
 90
0
176
1
 90
0
176
1
290
0
176
1
 90
1
176
1
 40
0.0
176
1
 90
0
176
1
290
0
176
1
290
1
176
1
290
1
176
1
290
0
176
1
290
0
176
1
290
0
176
1
290
0
176
1
290
0
176
1
290
0
176
1
 90
50
176
1
 40
0.0
176
1
 40
1.0
176
1
 90
0
176
1
 62
18
420
0
176
1
 90
50
176
1
 90
3
176
1
 62
5
420
255
176
1
290
0
176
1
 90
50
176
1
 90
50
176
1
 90
50
176
1
290
0
176
1
 90
50
176
1
 62
256
176
0
 40
1.0
176
0
 90
2
176
1
  1
strokes_ogs.tif
176
1
290
0
176
1
 40
1.0
176
1
 40
1.0
176
1
  0
VISUALSTYLE
  5
72
102
{ACAD_REACTORS
330
16
102
}
330
16
100
AcDbVisualStyle
  2
X-Ray
 70
25
177
3
291
0
 70
58
 90
2
176
1
 90
2
176
1
 90
0
176
1
 90
2
176
1
 40
0.5
176
1
 40
30.0
176
1
 62
7
420
16777215
176
1
 90
1
176
1
 90
4
176
1
 62
7
176
1
 62
257
176
1
 90
1
176
1
 90
1
176
1
 40
1.0
176
1
 90
8
176
1
 62
7
176
1
 40
1.0
176
1
 90
1
176
1
 90
6
176
1
 90
2
176
1
 62
7
176
1
 90
5
176
1
 90
0
176
1
 90
0
176
1
290
0
176
1
 90
1
176
1
 40
0.0
176
1
 90
0
176
1
290
0
176
1
290
1
176
1
290
1
176
1
290
0
176
1
290
0
176
1
290
0
176
1
290
0
176
1
290
0
176
1
290
0
176
1
 90
50
176
1
 40
0.0
176
1
 40
1.0
176
1
 90
0
176
1
 62
18
420
0
176
1
 90
50
176
1
 90
3
176
1
 62
5
420
255
176
1
290
0
176
1
 90
50
176
1
 90
50
176
1
 90
50
176
1
290
0
176
1
 90
50
176
1
 62
256
176
0
 40
1.0
176
0
 90
2
176
1
  1
strokes_ogs.tif
176
1
290
0
176
1
 40
1.0
176
1
 40
1.0
176
1
  0
DICTIONARYVAR
  5
93
330
2D
100
DictionaryVariables
280
0
  1
R20-STRUCTURE
  0
DICTIONARYVAR
  5
94
330
2D
100
DictionaryVariables
280
0
  1
東京都建設局 CAD製図基準 令和6年4月
  0
DICTIONARYVAR
  5
95
330
2D
100
DictionaryVariables
280
0
  1
構造候補の説明図。断面はデモ入力。構造計算・施工図・法規判定ではない。
  0
DICTIONARYVAR
  5
96
330
2D
100
DictionaryVariables
280
0
  1
Sheet 01 1:50; Sheet 02 1:75; labelled foundation section 1:25
  0
DICTIONARYVAR
  5
97
330
2D
100
DictionaryVariables
280
0
  1
https://www.kensetsu.metro.tokyo.lg.jp/documents/d/kensetsu/000067788
  0
LAYOUT
  5
3C1
330
D
100
AcDbPlotSettings
  1

  2
DWG to PDF.pc3
  4
ezdxf_(420.00_x_297.00_MM)
  6

 40
0.0
 41
0.0
 42
0.0
 43
0.0
 44
420.0
 45
297.0
 46
0.0
 47
0.0
 48
0.0
 49
0.0
140
0.0
141
0.0
142
1.0
143
1.0
 70
672
 72
1
 73
0
 74
5
  7

 75
16
 76
0
 77
2
 78
300
147
1.0
148
0.0
149
0.0
100
AcDbLayout
  1
STRUCTURE_01_A3_1_50
 70
1
 71
3
 10
-0.0
 20
-0.0
 11
420.0
 21
297.0
 12
0.0
 22
0.0
 32
0.0
 14
1e+20
 24
1e+20
 34
1e+20
 15
-1e+20
 25
-1e+20
 35
-1e+20
146
0.0
 13
0.0
 23
0.0
 33
0.0
 16
1.0
 26
0.0
 36
0.0
 17
0.0
 27
1.0
 37
0.0
 76
1
330
3BE
331
3C2
  0
LAYOUT
  5
4FC
330
D
100
AcDbPlotSettings
  1

  2
DWG to PDF.pc3
  4
ezdxf_(420.00_x_297.00_MM)
  6

 40
0.0
 41
0.0
 42
0.0
 43
0.0
 44
420.0
 45
297.0
 46
0.0
 47
0.0
 48
0.0
 49
0.0
140
0.0
141
0.0
142
1.0
143
1.0
 70
672
 72
1
 73
0
 74
5
  7

 75
16
 76
0
 77
2
 78
300
147
1.0
148
0.0
149
0.0
100
AcDbLayout
  1
STRUCTURE_02_A3_1_75
 70
1
 71
4
 10
-0.0
 20
-0.0
 11
420.0
 21
297.0
 12
0.0
 22
0.0
 32
0.0
 14
1e+20
 24
1e+20
 34
1e+20
 15
-1e+20
 25
-1e+20
 35
-1e+20
146
0.0
 13
0.0
 23
0.0
 33
0.0
 16
1.0
 26
0.0
 36
0.0
 17
0.0
 27
1.0
 37
0.0
 76
1
330
4F9
331
4FD
  0
DICTIONARYVAR
  5
502
330
2D
100
DictionaryVariables
280
0
  1
1.4.4 @ 2026-10-07T12:08:52.097837+00:00
  0
ENDSEC
  0
EOF
